,Mois,Titre,Auteur,Doublons
0,Janvier 2021,À pas de loup,Isabelle Villain,False
1,Janvier 2021,Armorican Psycho,Gwenael Le Guellec,False
2,Janvier 2021,Bed bug,Katherine Pancol,False
3,Janvier 2021,Ça va changer avec vous !  Il est temps d'être écolos et fiers de l'être,Julien Vidal,False
4,Janvier 2021,Celle qui pleurait sous l'eau,Niko Tackian,False
5,Janvier 2021,Des hommes justes : Du patriarcat aux nouvelles masculinités,Ivan Jablonka,False
6,Janvier 2021,Divergente racontée par Quatre,Veronica Roth,False
7,Janvier 2021,Éden,Monica Sabolo,False
8,Janvier 2021,Et toujours les forêts,Sandrine Collette,False
9,Janvier 2021,Je ne suis pas seul à être seul,Jean-Louis Fournier,False
10,Janvier 2021,La consolation de l'ange,Frédéric Lenoir,False
11,Janvier 2021,La vie à portée de main,Katherine Center,False
12,Janvier 2021,L'embarras du choix,Laure Manel,False
13,Janvier 2021,L'homme qui pleure de rire,Frédéric Beigbeder,False
14,Janvier 2021,La deuxième femme,Louise Mey,False
15,Janvier 2021,La femme révélée,Gaëlle Nohant,False
16,Janvier 2021,La rumeur,Lesley Kara,False
17,Janvier 2021,Lake Success,Gary Shteyngart,False
18,Janvier 2021,Le Consentement,Vanessa Springora,False
19,Janvier 2021,Le monde selon Amazon,Benoît Berthelot,False
20,Janvier 2021,Le Sang des Mirabelles,Camille de Peretti,False
21,Janvier 2021,Le tatoueur d'Auschwitz,Heather Morris,False
22,Janvier 2021,Le théorème du parapluie,Mickaël Launay,False
23,Janvier 2021,Les choses humaines,Karine Tuil,False
24,Janvier 2021,Les Magnolias,Florent Oiseau,False
25,Janvier 2021,Les lendemains,Mélissa Da Costa,False
26,Janvier 2021,Les listes d'Elisabeth,Lulah Ellender,False
27,Janvier 2021,Les optimistes,Rebecca Makkai,False
28,Janvier 2021,Love me tender,Constance Debré,False
29,Janvier 2021,Lune noire,Anthony Neil Smith,False
30,Janvier 2021,Opus 77,Alexis Ragougneau,False
31,Janvier 2021,Orange amère,Ann Patchett,False
32,Janvier 2021,Oscar et la dame rose,Éric-Emmanuel Schmitt,False
33,Janvier 2021,Outresable,Hugh Howey,False
34,Janvier 2021,Oyana,Éric Plamondon,False
35,Janvier 2021,Préférer l'hiver,Aurélie Jeannin,False
36,Janvier 2021,Rendez-vous au café du bonheur,Lucy Diamond,False
37,Janvier 2021,Rêve de Fèvre,George R.R. Martin,False
38,Janvier 2021,Rivage de la colère,Caroline Laurent,False
39,Janvier 2021,Soif,Amélie Nothomb,False
40,Février 2021,À cache-cache,M. J. Arlidge,False
41,Février 2021,Ada ou la beauté des nombres,Catherine Dufour,False
42,Février 2021,"Amours solitaires, tome 2 : Une petite éternité",Morgane Ortin,False
43,Février 2021,Au soleil redouté,Michel Bussi,False
44,Février 2021,Denali,Patrice Gain,False
45,Février 2021,Hors sol,Pierre Alféri,False
47,Février 2021,La déchirure,Henry Bauchau,False
48,Février 2021,L'archipel des lärmes,Camilla Grebe,False
49,Février 2021,Le choix de revivre,Clare Mackintosh,False
50,Février 2021,Le coeur battant du monde,Sébastien Spitzer,False
51,Février 2021,Les Furtifs,Alain Damasio,False
52,Février 2021,Le Ghetto intérieur,Santiago H. Amigorena,False
53,Février 2021,Le parfum des citronniers,Cristina Campos,False
54,Février 2021,Le petit chat est mort,Xavier de Moulins,False
55,Février 2021,Le rouge n'est plus une couleur,Rosie Price,False
56,Février 2021,Les abattus,Noëlle Renaude,False
57,Février 2021,Les nouvelles aventures du fakir au pays d'Ikea,Romain Puértolas,False
58,Février 2021,L'île au secret,Ragnar Jónasson,False
59,Février 2021,Même les arbres s'en souviennent,Christian Signol,False
60,Février 2021,Monsieur le commandant,Romain Slocombe,False
61,Février 2021,Nous autres,Evgueni Zamiatine,False
62,Février 2021,Plutôt la fin du monde quune écorchure à mon doigt,Paula Jacques,False
63,Février 2021,Prémices de la chute,Frédéric Paulin,False
64,Février 2021,Tétraméron,José Carlos Somoza,False
65,Février 2021,Tous tes enfants dispersés,Beata Umubyeyi Mairesse,False
66,Février 2021,Tuer le fils,Benoît Séverac,False
67,Février 2021,Une bête au paradis,Cécile Coulon,False
68,Février 2021,Une histoire de France,Joffrine Donnadieu,False
69,Février 2021,Un(e)secte,Maxime Chattam,False
70,Mars 2021,American elsewhere,Robert Jackson Bennett,False
71,Mars 2021,Braises de guerre,Gareth L. Powell,False
72,Mars 2021,Ce que tu as fait de moi,Karine Giebel,False
73,Mars 2021,Envole-moi,Annelise Heurtier,False
74,Mars 2021,Francis Rissin,Martin Mongin,False
75,Mars 2021,"Je suis Providence, tome 1",Sunand Tryambak Joshi,False
76,Mars 2021,Je suis une Viking,Andrew David MacDonald,False
77,Mars 2021,Jeux dangereux,Danielle Steel,False
78,Mars 2021,Jouir,Sarah Barmak,False
79,Mars 2021,La Dictatrice,Diane Ducret,False
80,Mars 2021,L'Affaire Clara Miller,Olivier Bal,False
81,Mars 2021,La fracture,Nina Allan,False
82,Mars 2021,La grande escapade,Jean-Philippe Blondel,False
83,Mars 2021,La vie est un roman,Guillaume Musso,False
84,Mars 2021,Le coeur de l'Angleterre,Jonathan Coe,False
85,Mars 2021,Le messie du Darfour,Abdelaziz Baraka Sakin,False
86,Mars 2021,Les Cicatrices,Claire Favan,False
87,Mars 2021,Les demoiselles,Anne-Gaëlle Huon,False
88,Mars 2021,Les étincelles,Julien Sandrel,False
89,Mars 2021,Les Mangeurs d'argile,Peter Farris,False
90,Mars 2021,Mamma Maria,Serena Giuliano,False
91,Mars 2021,Mage de bataille,Peter A. Flannery,False
92,Mars 2021,Mictlán,Sébastien Rutés,False
93,Mars 2021,Miroir de nos peines,Pierre Lemaitre,False
94,Mars 2021,Orphelines,Franck Bouysse,False
95,Mars 2021,Par les routes,Sylvain Prudhomme,False
96,Mars 2021,Regarde,Hervé Commère,False
97,Mars 2021,"Rosewater, tome 1 : Rosewater",Tade Thompson,False
98,Mars 2021,Se le dire enfin,Agnès Ledig,False
99,Mars 2021,Soixante-neuf tiroirs,Goran Petrovic,False
100,Mars 2021,Tant qu'il y aura des cèdres,Pierre Jarawan,False
101,Mars 2021,Terminus,Tom Sweterlitsch,False
102,Mars 2021,Tous les hommes n'habitent pas le monde de la même façon,Jean-Paul Dubois,False
103,Mars 2021,Toutes les familles heureuses,Hervé Le Tellier,False
104,Mars 2021,Un poisson sur la lune,David Vann,False
105,Avril 2021,Ce qu'il reste de nos rêves,Flore Vasseur,False
106,Avril 2021,Ces petits riens qui nous animent...,Claire Norton,False
107,Avril 2021,C'est toi que j'attendais,Kristan Higgins,False
108,Avril 2021,Dans les geôles de Sibérie,Yoann Barbereau,False
109,Avril 2021,Derniers jours dun monde oublié,Chris Vuklisevic,False
110,Avril 2021,Devant la beauté de la nature,Alexandre Lacroix,False
111,Avril 2021,Dieu et l'Etat,Mikhaïl Bakounine,False
112,Avril 2021,Elmet,Fiona Mozley,False
113,Avril 2021,Et la vie reprit son cours,Catherine Bardon,False
114,Avril 2021,Gruffalo,Julia Donaldson,False
115,Avril 2021,J'ai couru vers le Nil,Alaa El Aswany,False
116,Avril 2021,La déesse des mouches à feu,Geneviève Pettersen,False
117,Avril 2021,La Leçon de ténèbres,Léonor de Recondo,False
118,Avril 2021,La Preuve ultime,Peter James,False
119,Avril 2021,Anne de Green Gables (Maison aux pignons verts),Lucy Maud  Montgomery,False
120,Avril 2021,La seconde épouse,Rebecca Fleet,False
121,Avril 2021,Le cavalier du septième jour,Serge Brussolo,False
122,Avril 2021,Le disparu,Anne-Sophie Martin,False
123,Avril 2021,Le 7e Fléau,James Rollins,False
124,Avril 2021,Le monde selon Britt-Marie,Fredrik Backman,False
125,Avril 2021,L'Enorme crocodile,Roald Dahl,False
126,Avril 2021,Le Prieuré de l'oranger (2/2),Samantha Shannon,False
127,Avril 2021,Le regard féminin : Une révolution à l'écran,Iris Brey,False
128,Avril 2021,Les dernières heures,Minette Walters,False
129,Avril 2021,Les enfants du dernier salut,Colette Brull-Ulmann,False
130,Avril 2021,Les jours brûlants,Laurence Peyrin,False
131,Avril 2021,Le sourire des fées,Laure Manel,False
132,Avril 2021,Les prisonniers de la liberté,Luca Di Fulvio,False
133,Avril 2021,L'examen,Sylvain Neuvel,False
134,Avril 2021,Mon coeur contre la terre,Éric de Kermel,False
135,Avril 2021,Nos résiliences,Agnès Martin-Lugand,False
136,Avril 2021,Nous étions merveilleuses,Laure Rollier,False
137,Avril 2021,Nous sommes l'étincelle,Vincent Villeminot,False
138,Avril 2021,Ormeshadow,Priya Sharma,False
139,Avril 2021,Peter Sagan : Mon monde,Peter Sagan,False
140,Avril 2021,Sororité,Chloé Delaume,False
141,Avril 2021,Tout quitter,Anaïs Vanel,False
142,Avril 2021,Un oiseau de nuit à Buckingham,David Lelait-Helo,False
143,Avril 2021,Une vie entre les pages,Cristina Caboni,False
144,Avril 2021,Va où le vent te berce,Sophie Tal Men,False
145,Mai 2021,Adam & Eve,Arto Paasilinna,False
146,Mai 2021,À dos de crocodile,Greg Egan,False
147,Mai 2021,Âme brisée,Akira Mizubayashi,False
148,Mai 2021,"Calder and Eden, tome 1",Mia Sheridan,False
149,Mai 2021,C'est arrivé la nuit,Marc Levy,False
150,Mai 2021,Ceux qui s'aiment finissent toujours par se retrouver,Sonia Dagotor,False
151,Mai 2021,Et que ne durent que les moments doux,Virginie Grimaldi,False
152,Mai 2021,Frangines,Adèle Bréau,False
153,Mai 2021,Il était deux fois,Franck Thilliez,False
154,Mai 2021,Il était un fleuve,Diane Setterfield,False
155,Mai 2021,La belle italienne,Lucinda Riley,False
156,Mai 2021,La fabrique des pervers,Sophie Chauveau,False
157,Mai 2021,La Fille dans la tour,Katherine Arden,False
158,Mai 2021,Là où chantent les écrevisses,Delia Owens,False
159,Mai 2021,L'atelier des miracles,Valérie Tong Cuong,False
160,Mai 2021,La vie que tu t'étais imaginée,Nelly Alard,False
161,Mai 2021,La somme de nos vies,Sophie Astrabie,False
162,Mai 2021,Le Collectionneur de voeux,Mia Sheridan,False
163,Mai 2021,Le jour des cendres,Jean-Christophe Grangé,False
164,Mai 2021,Le monde à nos pieds,Claire Léost,False
165,Mai 2021,Le Pays des autres,Leïla Slimani,False
166,Mai 2021,Le Pays où l'on n'arrive jamais,André Dhôtel,False
167,Mai 2021,Le temps d'un été,Kristan Higgins,False
168,Mai 2021,Les testaments,Margaret Atwood,False
169,Mai 2021,Les Fleurs de l'ombre,Tatiana de Rosnay,False
170,Mai 2021,Les hommes aussi ont la chair de poule,Karine Lambert,False
171,Mai 2021,Les huit morts de Julian Creek,Elizabeth Crook,False
172,Mai 2021,Les Imbéciles heureux,Charlye Ménétrier McGrath,False
173,Mai 2021,Les mémoires d'un chat,Hiro Arikawa,False
174,Mai 2021,Les Roches rouges,Olivier Adam,False
175,Mai 2021,L'Île de la mangrove rouge,Sarah Lark,False
176,Mai 2021,L'Infini des possibles,Lori Nelson Spielman,False
177,Mai 2021,"Millenium, tome 6 : La fille qui devait mourir",David Lagercrantz,False
178,Mai 2021,Quelqu'un de bien,Françoise Bourdin,False
179,Mai 2021,"Rois du monde, tome 5 : Chasse royale IV, Curée chaude",Jean-Philippe Jaworski,False
180,Mai 2021,Toutes les saveurs,Ken Liu,False
181,Mai 2021,Une année sous silence,Jean-Paul Dubois,False
182,Mai 2021,Un assassin parmi  nous,Shari Lapena,False
183,Mai 2021,Une étincelle de vie,Jodi Picoult,False
184,Mai 2021,Vindicta,Cédric Sire,False
185,Août 2021,Apeirogon,Colum McCann,False
186,Août 2021,Après le jour,Christophe Molmy,False
187,Août 2021,Avant la longue flamme rouge,Guillaume Sire,False
188,Août 2021,Avant les diamants,Dominique Maisons,False
189,Août 2021,Ce que nous avons perdu dans le feu,Mariana Enriquez,False
190,Août 2021,Cent millions d'années et un jour,Jean-Baptiste Andrea,False
191,Août 2021,Comme un empire dans un empire,Alice Zeniter,False
192,Août 2021,Coup de grâce,Danielle Steel,False
193,Août 2021,"Soeur Fidelma, tome 30 : Du sang au paradis",Peter Tremayne,False
194,Août 2021,Enfances perdues,Mechtild Borrmann,False
195,Août 2021,Exit West,Mohsin Hamid,False
196,Août 2021,Faiseurs d'histoires,Dina Nayeri,False
197,Août 2021,"Fille, femme, autre",Bernardine Evaristo,False
198,Août 2021,Fin de combat,Karl Ove Knausgård,False
199,Août 2021,Glory,Elizabeth Wetmore,False
200,Août 2021,Il est des hommes qui se perdront toujours,Rebecca Lighieri,False
201,Août 2021,Incident au fond de la galaxie,Etgar Keret,False
202,Août 2021,Jazz à l'âme,William Melvin Kelley,False
203,Août 2021,L'Institut,Stephen King,False
204,Août 2021,La Bibliothécaire d'Auschwitz,Antonio Iturbe,False
205,Août 2021,La Discrétion,Faïza Guène,False
206,Août 2021,La gestapo Sadorski,Romain Slocombe,False
207,Août 2021,La huitième vie,Nino Haratischwili,False
208,Août 2021,La panthère des neiges,Sylvain Tesson,False
209,Août 2021,La Proie,Deon Meyer,False
210,Août 2021,La Soustraction des possibles,Joseph Incardona,False
211,Août 2021,Le Bruit des tuiles,Thomas Giraud,False
212,Août 2021,Le ciel par-dessus le toit,Nathacha Appanah,False
213,Août 2021,Le Coeur synthétique,Chloé Delaume,False
214,Août 2021,Les Abysses,Rivers Solomon,False
215,Août 2021,Les Dynamiteurs,Benjamin Whitmer,False
216,Août 2021,Les nouveaux héritiers,Kent Wascom,False
217,Août 2021,"Les Voleurs de fumée, tome 2 : Le monde des démons",Sally Green,False
218,Août 2021,Lisière,Kapka Kassabova,False
219,Août 2021,Maudit manège,Philippe Djian,False
220,Août 2021,Paria,Richard Krawiec,False
221,Août 2021,Par les écrans du monde,Fanny Taillandier,False
222,Août 2021,Pleines de grâce,Gabriela Cabezón Cámara,False
223,Août 2021,Première personne du singulier,Patrice Franceschi,False
224,Août 2021,Retour à Ithaque,Leonardo Padura,False
225,Août 2021,Retour à Martha's Vineyard,Richard Russo,False
226,Août 2021,Rêves arctiques,Barry Lopez,False
227,Août 2021,Sale gosse,Mathieu Palain,False
228,Août 2021,Silences glacials,Gwendoline Cachia,False
229,Août 2021,Symposium Inc.,Olivier Caruso,False
230,Août 2021,Ténèbre,Paul Kawczak,False
231,Août 2021,Un automne de Flaubert,Alexandre Postel,False
232,Août 2021,Un crime sans importance,Irène Frain,False
233,Août 2021,Une fille sans histoire,Constance Rivière,False
234,Août 2021,Une machine comme moi,Ian McEwan,False
235,Septembre 2021,Avis de décès,Zhou Haohui,False
236,Septembre 2021,Balèze,Kiese Laymon,False
237,Septembre 2021,Bénie soit Sixtine,Maylis Adhémar,False
238,Septembre 2021,Chasse à mort,Dean Koontz,False
239,Septembre 2021,Clockers,Richard Price,False
240,Septembre 2021,Comment cela finit,Saskia Sarginson,False
241,Septembre 2021,Dans la rue de l'école,Anouk F.,False
242,Septembre 2021,De Soleil et de Sang,Jérôme Loubry,False
243,Septembre 2021,Des baisers parfum tabac,Tayari Jones,False
244,Septembre 2021,"Dieu pardonne, moi pas...",Claude-Michel Rome,False
245,Septembre 2021,Encre sympathique,Patrick Modiano,False
246,Septembre 2021,"Ensemble, on aboie en silence",Gringe,False
247,Septembre 2021,Juste avant la nuit,Isabel Ashdown,False
248,Septembre 2021,L'héritage du maître de Chai,Kristen Harnisch,False
249,Septembre 2021,L'heure du diable,Patrick Bauwen,False
250,Septembre 2021,La chute de la maison Whyte,Katerina Autet,False
251,Septembre 2021,La confidente,Renee Knight,False
252,Septembre 2021,"La faucheuse, tome 2 : Thunderhead",Neal Shusterman,False
253,Septembre 2021,La magie du rangement au travail,Marie Kondo,False
254,Septembre 2021,La mer à l'envers,Marie Darrieussecq,False
255,Septembre 2021,La Nuit d'avant,Wendy Walker,False
256,Septembre 2021,La rafle des notables,Anne Sinclair,False
257,Septembre 2021,La persuasion des femmes,Meg Wolitzer,False
258,Septembre 2021,La planète des chats,Bernard Werber,False
259,Septembre 2021,La Race des orphelins,Oscar Lalo,False
260,Septembre 2021,Le couteau,Jo Nesbø,False
261,Septembre 2021,"Le cycle de Syffe, tome 2 : La peste et la vigne",Patrick K. Dewdney,False
262,Septembre 2021,Le dernier message,Nicolas Beuglet,False
263,Septembre 2021,Le garçon disparu (Le gamin des ordures),Julie Ewa,False
264,Septembre 2021,Le métier de mourir,Jean-René Van der Plaetsen,False
265,Septembre 2021,Le Parapluie de la Discorde,Sylvie Baron,False
266,Septembre 2021,Le vent reprend ses tours,Sylvie Germain,False
267,Septembre 2021,Les amants du ciel se retrouvent toujours ici-bas,David Perroud,False
268,Septembre 2021,Les employés,Olga Ravn,False
269,Septembre 2021,"Les mystères de Larispem, tome 3 : L'élixir ultime",Lucie Pierrat-Pajot,False
270,Septembre 2021,Les naufragés hurleurs,Christian Carayon,False
271,Septembre 2021,Les services compétents,Iegor Gran,False
272,Septembre 2021,Moins 18°,Stefan Ahnhem,False
273,Septembre 2021,Ne dis rien,Patrick Radden Keefe,False
274,Septembre 2021,Où est le sens ?,Sébastien Bohler,False
275,Septembre 2021,Passeport diplomatique,Gérard Araud,False
276,Septembre 2021,Plexiglas mon amour,Eric Chauvier,False
277,Septembre 2021,Prendre un enfant par la main,François-Xavier Dillard,False
278,Septembre 2021,Sans jamais atteindre le sommet,Paolo Cognetti,False
279,Septembre 2021,Sauf que c'étaient des enfants,Gabrielle Tuloup,False
280,Septembre 2021,Jack Reacher - HS : Simples déductions,Lee Child,False
281,Septembre 2021,"Skyward, tome 1 : Vers les étoiles",Brandon Sanderson,False
282,Septembre 2021,Snap Killer,Sylvie Allouche,False
283,Septembre 2021,Terminal 4,Hervé Jourdain,False
284,Septembre 2021,ZOF 1945,Jean-Christophe Berthain,False
285,Octobre 2021,18.3 : Une année à la PJ,Pauline Guéna,False
286,Octobre 2021,Alabama 1963,Ludovic Manchette,False
287,Octobre 2021,"À la folie, pas du tout",M. J. Arlidge,False
288,Octobre 2021,Alice,Heidi Perks,False
289,Octobre 2021,Alma,J.M.G. Le Clézio,False
290,Octobre 2021,"Anatèm, tome 1",Neal Stephenson,False
291,Octobre 2021,Au nom du Japon,Hirô Onoda,False
292,Octobre 2021,Bonne nuit mon ange,Aimee Molloy,False
293,Octobre 2021,"Cher père Noël, je voudrais un mec !",Caro M. Leene,False
294,Octobre 2021,Dans la gueule de l'ours,James A. McLaughlin,False
295,Octobre 2021,Désert noir,Adrien Pauchet,False
296,Octobre 2021,Edmonde,Dominique de Saint Pern,False
297,Octobre 2021,Et je veux le monde,Marc Cheb Sun,False
298,Octobre 2021,Immortel,José Rodrigues dos Santos,False
299,Octobre 2021,Impact,Olivier Norek,False
300,Octobre 2021,"Isabelle, l'après-midi",Douglas Kennedy,False
301,Octobre 2021,L'accro du shopping fête Noël,Sophie Kinsella,False
302,Octobre 2021,L'heure des spécialistes,Barbara Zoeke,False
303,Octobre 2021,L'Inconnu de la forêt,Harlan Coben,False
304,Octobre 2021,"La dynastie Dent de Lion, tome 2 : Le goût de la victoire",Ken Liu,False
305,Octobre 2021,La femme qui en savait trop,Marie Benedict,False
306,Octobre 2021,La fille de Kali,Céline Denjean,False
307,Octobre 2021,La maison de Charlotte,Françoise Bourdon,False
308,Octobre 2021,La mer sans étoiles,Erin Morgenstern,False
309,Octobre 2021,La Mort d'une sirène,A. J. Kazinski,False
310,Octobre 2021,"La saga des Cazalet, tome 1 : Étés anglais",Elizabeth Jane Howard,False
311,Octobre 2021,Le chant des cigales après la pluie,Camille Lesur,False
312,Octobre 2021,Le Chasseur de lapins,Lars Kepler,False
313,Octobre 2021,Le Mystère de la Main rouge,Henri Loevenbruck,False
314,Octobre 2021,Le suspect,Fiona Barton,False
315,Octobre 2021,Le jour où,Amélie Antoine,False
316,Octobre 2021,Les derniers jours de Stefan Zweig,Laurent Seksik,False
317,Octobre 2021,Les disparues de la Lande,Charlotte Link,False
318,Octobre 2021,Les Élus,Veronica Roth,False
319,Octobre 2021,Les filles mortes ne sont pas aussi jolies,Elizabeth Little,False
320,Octobre 2021,Les miracles du bazar Namiya,Keigo Higashino,False
321,Octobre 2021,Les Protégés de Sainte Kinga,Marc Voltenauer,False
322,Octobre 2021,Les Sorcières de Pendle,Stacey Halls,False
323,Octobre 2021,Les Sept ou Huit Morts de Stella Fortuna,Juliet Grames,False
324,Octobre 2021,Mademoiselle Papillon,Alia Cardyn,False
325,Octobre 2021,Ma sombre Vanessa,Kate Elizabeth Russell,False
326,Octobre 2021,Nos espérances,Anna Hope,False
327,Octobre 2021,Pourquoi tu danses quand tu marches ?,Abdourahman A. Waberi,False
328,Octobre 2021,Qui ne tente rien,Jeffrey Archer,False
329,Octobre 2021,Sacrifices,Ellison Cooper,False
330,Octobre 2021,Sale bourge,Nicolas Rodier,False
331,Octobre 2021,Sandremonde,Jean-Luc Deparis,False
332,Octobre 2021,Tepuy,François Baranger,False
333,Octobre 2021,Terminus Auschwitz : Journal dun survivant,Eddy de Wind,False
334,Octobre 2021,"The expanse, tome 7 : Le soulèvement de Persépolis",James S.A. Corey,False
335,Octobre 2021,Tout ira bien,Damian Barr,False
336,Octobre 2021,Trouble,Jeroen Olyslaegers,False
337,Octobre 2021,Une chance sur un milliard,Gilles Legardinier,False
338,Octobre 2021,Un Long silence,Mikal Gilmore,False
339,Octobre 2021,Vous n'aurez pas les enfants,Valerie Portheret,False
340,Janvier 2022,À l'autre bout de la mer,Giulio Cavalli,False
341,Janvier 2022,Les aérostats,Amélie Nothomb,False
342,Janvier 2022,American Dirt,Jeanine Cummins,False
343,Janvier 2022,Les âmes sous les néons,Jérémie Guez,False
344,Janvier 2022,L'année du gel,Agathe Portail,False
345,Janvier 2022,L'autre moitié de soi,Brit Bennett,False
346,Janvier 2022,Buveurs de vent,Franck Bouysse,False
347,Janvier 2022,Ce qu'il faut de nuit,Laurent Petitmangin,False
348,Janvier 2022,Le champ,Robert Seethaler,False
349,Janvier 2022,La Chienne,Pilar Quintana,False
350,Janvier 2022,La cinquième victime,Franck Linol,False
351,Janvier 2022,Le crépuscule des fauves,Marc Levy,False
352,Janvier 2022,Les enfants du passé,Luce Basseterre,False
353,Janvier 2022,Entre fauves,Colin Niel,False
354,Janvier 2022,La Fabrique de la terreur,Frédéric Paulin,False
355,Janvier 2022,La familia grande,Camille Kouchner,False
356,Janvier 2022,"La villa aux étoffes, tome 3 : L'héritage de la villa aux étoffes",Anne Jacobs,False
357,Janvier 2022,Histoires de la nuit,Laurent Mauvignier,False
358,Janvier 2022,Les Impatientes,Djaïli Amadou Amal,False
359,Janvier 2022,Isoline,Judith Gautier,False
360,Janvier 2022,Je revenais des autres,Mélissa Da Costa,False
361,Janvier 2022,Le lièvre d'Amérique,Mireille Gagné,False
362,Janvier 2022,La loi du rêveur,Daniel Pennac,False
363,Janvier 2022,"Lumière d'été, puis vient la nuit",Jón Kalman Stefánsson,False
364,Janvier 2022,Les lumières du nord,Nora Roberts,False
365,Janvier 2022,Mac et son contretemps,Enrique Vila-Matas,False
366,Janvier 2022,Nature humaine,Serge Joncour,False
367,Janvier 2022,Nickel Boys,Colson Whitehead,False
368,Janvier 2022,Ohio,Stephen Markley,False
369,Janvier 2022,Over the Rainbow,Constance Joly,False
370,Janvier 2022,Le Palais des orties,Marie Nimier,False
371,Janvier 2022,Paula ou personne,Patrick Lapeyre,False
372,Janvier 2022,Pays perdu,Pierre Jourde,False
373,Janvier 2022,Requiem pour une apache,Gilles Marchand,False
374,Janvier 2022,Solitudes,Niko Tackian,False
375,Janvier 2022,Le sourire du scorpion,Patrice Gain,False
376,Janvier 2022,Tant qu'il reste des îles,Martin Dumont,False
377,Janvier 2022,Un jour ce sera vide,Hugo Lindenberg,False
378,Janvier 2022,Un loup quelque part,Amélie Cordonnier,False
379,Janvier 2022,Une terre promise,Barack Obama,False
380,Janvier 2022,Unorthodox,Deborah Feldman,False
381,Janvier 2022,Les variations sentimentales,André Aciman,False
382,Janvier 2022,La vie rêvée des plantes,Seung-U Lee,False
383,Janvier 2022,Vladivostok Circus,Elisa Shua Dusapin,False
384,Janvier 2022,"Les Voleurs de fumée, tome 3 : À feu et à sang",Sally Green,False
385,Février 2022,10 minutes et 38 secondes dans ce monde étrange,Elif Shafak,False
386,Février 2022,"Antonia, la cheffe d'orchestre",Maria Peters,False
387,Février 2022,Avant elle,Johanna Krawczyk,False
388,Février 2022,Chems,Johann Zarca,False
389,Février 2022,"Chevauche-Brumes, Tome 2 : Les flots sombres",Thibaud Latil-Nicolas,False
390,Février 2022,Chienne,Marie-Pier Lafontaine,False
391,Février 2022,Cinq mains coupées,Sophie Divry,False
392,Février 2022,Le Code de Katharina,Jørn Lier Horst,False
393,Février 2022,Consolation,Anne-Dauphine Julliand,False
394,Février 2022,Les Corps conjugaux,Sophie de Baere,False
395,Février 2022,Dans l'ombre du loup,Olivier Merle,False
396,Février 2022,Dans la mer il y a des crocodiles,Fabio Geda,False
397,Février 2022,Les désossés,François d' Epenoux,False
398,Février 2022,Le double pari,Mary Balogh,False
399,Février 2022,Les femmes n'ont pas d'histoire,Amy Jo Burns,False
400,Février 2022,Les Funambules,Mohammed Aïssaoui,False
402,Février 2022,Histoire du fils,Marie-Hélène Lafon,False
403,Février 2022,L'illusion,Maxime Chattam,False
404,Février 2022,Jamais tu ne me quitteras (Liés à tout jamais),Chevy Stevens,False
405,Février 2022,"Loup, y es-tu ?",M. J. Arlidge,False
406,Février 2022,Mademoiselle Coco et l'eau de l'amour,Michelle Marly,False
407,Février 2022,Le mangeur d'âmes,Alexis Laipsker,False
408,Février 2022,Mort d'une fille de peu,Mariah Fredericks,False
409,Février 2022,Ne te retourne pas,Jennifer L. Armentrout,False
410,Février 2022,Nos mères,Antoine Wauters,False
411,Février 2022,L'obscur,Philippe Testa,False
412,Février 2022,Peindre la pluie en couleurs,Aurélie Tramier,False
413,Février 2022,Plus loin que l'hiver,Isabel Allende,False
414,Février 2022,Le Prince des Marées,Pat Conroy,False
415,Février 2022,Les rebelles d'Oxford : La réputation perdue de lord Ballentine,Evie Dunmore,False
416,Février 2022,La Résurrection de Joan Ashby,Cherise Wolas,False
417,Février 2022,Rêves de montagnes,Jon Krakauer,False
418,Février 2022,Les Roses fauves,Carole Martinez,False
419,Février 2022,Le Sanctuaire,Laurine Roux,False
420,Février 2022,Le syndrome de Petrouchka,Dina Rubina,False
421,Février 2022,"Un monstre est là, derrière la porte",Gaëlle Bélem,False
422,Février 2022,La vestale de Venise,Robert de Laroche,False
423,Février 2022,La Vie mensongère des adultes,Elena Ferrante,False
424,Février 2022,Le voyage de Cilka,Heather Morris,False
425,Mars 2022,À la lumière de nos jours,Clarisse Sabard,False
426,Mars 2022,Le cadeau,Sebastian Fitzek,False
427,Mars 2022,Le Cercle des mensonges,Céline Denjean,False
428,Mars 2022,Le chant de la rivière,Hannah Richell,False
429,Mars 2022,Crazy Brave,Joy Harjo,False
430,Mars 2022,La Datcha,Agnès Martin-Lugand,False
431,Mars 2022,Douve,Victor Guilbert,False
432,Mars 2022,Du miel sous les galettes,Roukiata Ouedraogo,False
433,Mars 2022,Enrage contre la mort de la lumière,Futhi Ntshingila,False
434,Mars 2022,Entre toutes les mères,Ashley Audrain,False
435,Mars 2022,Femmes en colère,Mathieu Menegaux,False
436,Mars 2022,Le Gibier : Une meute ne lâche jamais sa proie,Nicolas Lebel,False
437,Mars 2022,Il y a tant de façons de mourir,Jessica Barry,False
438,Mars 2022,Là où le bonheur se respire,Sophie Tal Men,False
439,Mars 2022,Leur âme au diable,Marin Ledun,False
440,Mars 2022,Liv Maria,Julia Kerninon,False
441,Mars 2022,Luna,Serena Giuliano,False
442,Mars 2022,Mauvaise influence,Linwood Barclay,False
443,Mars 2022,Murder game,Rachel Abbott,False
444,Mars 2022,Les oubliés,John Grisham,False
445,Mars 2022,La Part du démon,Mathieu Lecerf,False
446,Mars 2022,Le passeur,Stéphanie Coste,False
447,Mars 2022,Place aux immortels,Patrice Quélard,False
448,Mars 2022,Pour l'amour d'Elena,Yasmina Khadra,False
449,Mars 2022,Pour le sourire d'Isabelle,Fanny André,False
450,Mars 2022,La république des faibles,Gwenaël Bulteau,False
451,Mars 2022,Les secrets de ma mère,Jessie Burton,False
452,Mars 2022,"La sirène, le marchand et la courtisane",Imogen Hermes Gowar,False
453,Mars 2022,Skidamarink,Guillaume Musso,False
454,Mars 2022,Térébenthine,Carole Fives,False
455,Mars 2022,La tour du Freux,Ann Leckie,False
456,Mars 2022,Le tourbillon de la vie,Aurélie Valognes,False
457,Mars 2022,Tout peut s'oublier,Olivier Adam,False
458,Mars 2022,La vie qu'on m'a choisie,Ellen Marie Wiseman,False
459,Mars 2022,Yardam,Aurélie Wellenstein,False
460,Avril 2022,Au tournant de minuit,Minette Walters,False
461,Avril 2022,Aller avec la chance,Iliana Holguín Teodorescu,False
462,Avril 2022,À vif,René Manzor,False
463,Avril 2022,Le bal,Diane Peylin,False
464,Avril 2022,"Blackwater, tome 1 : La Crue",Michael McDowell,False
465,Avril 2022,Le bruit des secrets,Jessica Cymerman,False
466,Avril 2022,"Le Bureau des Affaires occultes, tome 1",Éric Fouassier,False
467,Avril 2022,Carnets de New York,Paolo Cognetti,False
468,Avril 2022,Ce genre de petites choses,Claire Keegan,False
469,Avril 2022,Ce que les étoiles doivent à la nuit,Anne-Gaëlle Huon,False
470,Avril 2022,Celle qu'il attendait,Baptiste Beaulieu,False
471,Avril 2022,Le cercle de Finsbury,B. A. Paris,False
472,Avril 2022,La chair de sa chair,Claire Favan,False
473,Avril 2022,"Le chat du bibliothécaire, tome 3 : Théâtre macabre",Miranda James,False
474,Avril 2022,Le craquant de la nougatine,Laure Manel,False
475,Avril 2022,Le dernier été en ville,Gianfranco Calligarich,False
476,Avril 2022,Devolution,Max Brooks,False
477,Avril 2022,La divine comédie de nos vies,Gavin's Clemente-Ruiz,False
478,Avril 2022,De sel et de fumée,Agathe Saint-Maur,False
479,Avril 2022,Du bruit dans la nuit,Linwood Barclay,False
480,Avril 2022,"Les énigmes d'Aurel le Consul, tome 3 : Le flambeur de la Caspienne",Jean-Christophe Rufin,False
481,Avril 2022,Expiration,Ted Chiang,False
482,Avril 2022,La face nord du coeur,Dolores Redondo,False
483,Avril 2022,La forêt des disparus,Olivier Bal,False
484,Avril 2022,La fortune sourit aux disparus,Stephen Spotswood,False
485,Avril 2022,Hamnet,Maggie OFarrell,False
486,Avril 2022,Haute saison,Adèle Bréau,False
487,Avril 2022,Heresix,Nicolas Feuz,False
488,Avril 2022,Il n'est pire aveugle,John Boyne,False
489,Avril 2022,Lettre d'amour sans le dire,Amanda Sthers,False
490,Avril 2022,La lumière était si parfaite,Carène Ponte,False
491,Avril 2022,La maison aux miroirs,Cristina Caboni,False
492,Avril 2022,Marguerite,Jacky Durand,False
493,Avril 2022,Marie et Marya,Jillian Cantor,False
494,Avril 2022,Le parfum des fleurs la nuit,Leïla Slimani,False
495,Avril 2022,Petite,Edward Carey,False
496,Avril 2022,La Poursuite de l'idéal,Patrice Jean,False
497,Avril 2022,"La saga du Soleil noir, tome 4 : Résurrection",Éric Giacometti,False
498,Avril 2022,Le serpent majuscule,Pierre Lemaitre,False
499,Avril 2022,Sortez-moi de là,Sonia Dagotor,False
500,Avril 2022,Sous un grand ciel bleu,Anna McPartlin,False
501,Avril 2022,Sur l'autre rive,Emmanuel Grand,False
502,Avril 2022,Un long voyage,Claire Duvivier,False
503,Avril 2022,Une soif de livres et de liberté,Janet Skeslien Charles,False
504,Avril 2022,La vie secrète d'Elena Faber,Jillian Cantor,False
505,Mai 2022,Blackwood,Michael Farris Smith,False
506,Mai 2022,Blood & Sugar,Laura Shepherd-Robinson,False
507,Mai 2022,Broadway,Fabcaro,False
508,Mai 2022,Célestine du Bac,Tatiana de Rosnay,False
509,Mai 2022,Chavirer,Lola Lafon,False
510,Mai 2022,D'amour et de guerre,Akli Tadjer,False
511,Mai 2022,Échange : Loft londonien contre cottage bucolique,Beth O'Leary,False
512,Mai 2022,Embrassons-nous sous les étoiles,Sarah Morgan,False
513,Mai 2022,Fille,Camille Laurens,False
514,Mai 2022,Florida,Olivier Bourdeaut,False
515,Mai 2022,I hate you more,Elizabeth O'Roark,False
516,Mai 2022,Je suis fille de rage,Jean-Laurent Del Socorro,False
517,Mai 2022,L'amour est une saison,Otis Kidwell Burger,False
518,Mai 2022,L'Apiculteur d'Alep,Christy Lefteri,False
519,Mai 2022,"L'Empire s'effondre, tome 1",Sébastien Coville,False
520,Mai 2022,L'enfant des tempêtes,Mélanie Guyard,False
521,Mai 2022,L'hiver de Solveig,Reine Andrieu,False
522,Mai 2022,L'île des âmes,Piergiorgio Pulixi,False
523,Mai 2022,La fille de Joyce,Annabel Abbs,False
524,Mai 2022,La grande épreuve,Étienne de Montety,False
525,Mai 2022,La maison du commandant,Valerio Varesi,False
526,Mai 2022,Anne d'Avonlea,Lucy Maud  Montgomery,False
527,Mai 2022,La valse des tulipes,Ibon Martin,False
528,Mai 2022,Lazare attend,James Morrow,False
529,Mai 2022,"La Neuvième Maison, tome 1",Leigh Bardugo,False
530,Mai 2022,Le carnaval des ombres,R.J. Ellory,False
532,Mai 2022,Le Corps exquis,Poppy Z. Brite,False
533,Mai 2022,Le magicien d'Auschwitz,José Rodrigues dos Santos,False
534,Mai 2022,Le sortilège de Stellata,Daniela Raimondi,False
535,Mai 2022,Le tombeau,Michael Hjorth,False
536,Mai 2022,Les femmes d'Heresy Ranch,Melissa Lenhardt,False
537,Mai 2022,Les imbattables,Sarah Maeght,False
538,Mai 2022,Les jours heureux,Adélaïde de Clermont-Tonnerre,False
539,Mai 2022,Les possibles,Virginie Grimaldi,False
540,Mai 2022,"Les Sept Soeurs, tome 7 : La Soeur disparue",Lucinda Riley,False
541,Mai 2022,Les Wagons rouges,Stig Dagerman,False
542,Mai 2022,Mens-moi jusqu'au bout du monde,Kristen Rivers,False
543,Mai 2022,Origami blues,Sarah Clain,False
544,Mai 2022,Rendez-vous à Gibraltar,Peter May,False
545,Mai 2022,Retour à Cuba,Laurent Bénégui,False
546,Mai 2022,Serial bomber,Robert Pobi,False
547,Mai 2022,Si ça saigne,Stephen King,False
548,Mai 2022,Slade house,David Mitchell,False
549,Mai 2022,Une rose seule,Muriel Barbery,False
550,Mai 2022,Une voisine encombrante,Shari Lapena,False
551,Mai 2022,Un peu plus d'amour que d'ordinaire,Emily Blaine,False
552,Mai 2022,Un soupçon de liberté,Margaret Wilkerson Sexton,False
553,Mai 2022,1794,Niklas Natt och Dag,False
554,Mai 2022,1991,Franck Thilliez,False
555,Septembre 2022,After®,Auriane Velten,False
556,Septembre 2022,À la racine du mal,Ann Granger,False
557,Septembre 2022,Les annales de Brekkukot,Halldór Laxness,False
558,Septembre 2022,Aujourd'hui comme hier,Mary Beth Keane,False
559,Septembre 2022,Aussi riche que le roi,Abigail Assor,False
560,Septembre 2022,Autoportrait en chevreuil,Victor Pouchet,False
561,Septembre 2022,Cantique pour les étoiles,Simon Jimenez,False
562,Septembre 2022,"Capitale du Sud, tome 1 : Le sang de la cité",Guillaume Chamanadjian,False
563,Septembre 2022,Celle qui brûle,Paula Hawkins,False
564,Septembre 2022,Ce que murmure le vent,Amy Harmon,False
565,Septembre 2022,Les Corps abstinents,Emmanuelle Richard,False
566,Septembre 2022,La Crue,Amy Hassinger,False
567,Septembre 2022,Daddy,Emma Cline,False
568,Septembre 2022,La danse de la tarentule,Claire Blanchard,False
569,Septembre 2022,Du roi je serai l'assassin,Jean-Laurent Del Socorro,False
570,Septembre 2022,L'Eau rouge,Jurica Pavicic,False
571,Septembre 2022,Être un homme,Nicole Krauss,False
572,Septembre 2022,Fenua,Patrick Deville,False
573,Septembre 2022,Nos frères inattendus,Amin Maalouf,False
574,Septembre 2022,L'innocence et la loi,Michael Connelly,False
575,Septembre 2022,L'inspecteur Sadorski libère Paris,Romain Slocombe,False
576,Septembre 2022,Jardins de poussière,Ken Liu,False
577,Septembre 2022,Larmes de fond,Pierre Pouchairet,False
578,Septembre 2022,La laveuse de mort,Sara Omar,False
579,Septembre 2022,Le livre de M,Peng Shepherd,False
580,Septembre 2022,"Le livre des martyrs, tome 2 : Les portes de la maison des morts",Steven Erikson,False
581,Septembre 2022,Le loup des Ardents,Noémie Adenis,False
582,Septembre 2022,Marcas,Jacques Ravenne,False
583,Septembre 2022,Memorial Drive,Natasha Trethewey,False
584,Septembre 2022,On ne touche pas,Ketty Rouf,False
585,Septembre 2022,L'Os de Lebowski,Vincent Maillard,False
586,Septembre 2022,L'ours,Andrew Krivak,False
587,Septembre 2022,Le passager sans visage,Nicolas Beuglet,False
588,Septembre 2022,Passé déterré,Clément Bouhélier,False
589,Septembre 2022,Le Poids des morts,Victor del Arbol,False
590,Septembre 2022,Les Ponts,Tarjei Vesaas,False
591,Septembre 2022,Le réseau pourpre,Carmen Mola,False
592,Septembre 2022,"La villa aux étoffes, tome 4 : Retour à la villa aux étoffes",Anne Jacobs,False
593,Septembre 2022,Requiem pour une ville perdue,Asli Erdogan,False
594,Septembre 2022,La Sauvagine,Sophie Brocas,False
595,Septembre 2022,Le Secret Hemingway,Brigitte Kernel,False
596,Septembre 2022,Le Serment,Arttu Tuominen,False
597,Septembre 2022,Soleil levant,Alexandre Galien,False
598,Septembre 2022,Sous protection,Viveca Sten,False
599,Septembre 2022,Tant que le café est encore chaud,Toshikazu Kawaguchi,False
600,Septembre 2022,Les Terres promises,Jean-Michel Guenassia,False
601,Septembre 2022,Les trois épouses de Blake Nelson,Cate Quinn,False
602,Septembre 2022,Les vilaines,Camila Sosa Villada,False
603,Septembre 2022,"Vorrh, tome 1",Brian Catling,False
604,Septembre 2022,Yoga,Emmanuel Carrère,False
605,Octobre 2022,L'agence des miracles,Sofia Giovanditti,False
606,Octobre 2022,A la lueur du sang,Patrice Guirao,False
607,Octobre 2022,L'âme du fusil,Elsa Marpeau,False
608,Octobre 2022,Anne de Redmond (Anne quitte son île),Lucy Maud  Montgomery,False
609,Octobre 2022,Apprendre à se noyer,Jeremy Robert Johnson,False
610,Octobre 2022,Archie,Alia Cardyn,False
611,Octobre 2022,L'arithmétique terrible de la misère,Catherine Dufour,False
612,Octobre 2022,L'assassin de la rue Voltaire,Henri Loevenbruck,False
613,Octobre 2022,Au nom des miens,Nina Wähä,False
614,Octobre 2022,Autopsie d'un drame,Sarah Vaughan,False
615,Octobre 2022,Le Baiser des Crazy Moutains,Keith McCafferty,False
616,Octobre 2022,Le bazar du zèbre à pois,Raphaëlle Giordano,False
617,Octobre 2022,"Binti, tome 1",Nnedi Okorafor,False
618,Octobre 2022,Le bonheur l'emportera,Amélie Antoine,False
619,Octobre 2022,La cavale de Jaxie Clackton,Tim Winton,False
620,Octobre 2022,Ce qui gît dans ses entrailles,Jennifer Haigh,False
621,Octobre 2022,"Le Chat, le Général et la Corneille",Nino Haratischwili,False
622,Octobre 2022,Le chien du forgeron,Camille Leboulanger,False
623,Octobre 2022,"Chinatown, intérieur",Charles Yu,False
624,Octobre 2022,Cinq doigts sous la neige,Jacques Saussey,False
625,Octobre 2022,Code 612 : Qui a tué le Petit Prince ?,Michel Bussi,False
626,Octobre 2022,Comme un ciel en nous,Jakuta Alikavazovic,False
627,Octobre 2022,Une cosmologie de monstres,Shaun Hamill,False
628,Octobre 2022,La Couleur des rêves,Rose Tremain,False
629,Octobre 2022,"La cité des songes, tome 1 : Une couronne de roses et de givre",Georgia Caldera,False
630,Octobre 2022,Deacon King Kong,James McBride,False
631,Octobre 2022,Le Dévoué,Viet Thanh Nguyen,False
632,Octobre 2022,La dixième muse,Alexandra Koszelyk,False
633,Octobre 2022,L'enfant et l'oiseau,Durian Sukegawa,False
634,Octobre 2022,L'énigmatique madame Dixon,Alexandra Andrews,False
635,Octobre 2022,L'épouse et la veuve,Christian White,False
636,Octobre 2022,La Famille,Shilpi Somaya Gowda,False
637,Octobre 2022,Les femmes de Heart Spring Mountain,Robin MacArthur,False
638,Octobre 2022,Gagner n'est pas jouer,Harlan Coben,False
639,Octobre 2022,"Gardez l'oeil ouvert, tome 1",Victoria Charlton,False
640,Octobre 2022,Géantes,Murielle Magellan,False
641,Octobre 2022,"La Guerre du pavot, tome 1",R. F. Kuang,False
642,Octobre 2022,Les héritières de la salamandre,Françoise Bourdon,False
643,Octobre 2022,Un héros pour Noël,Lisa Kleypas,False
644,Octobre 2022,L'Impératrice,Gigi Griffis,False
645,Octobre 2022,J'ai un nom,Chanel Miller,False
646,Octobre 2022,Je suis l'abysse,Donato Carrisi,False
647,Octobre 2022,Jolies filles,Robert Bryndza,False
648,Octobre 2022,La Magnifique (Pépites),Anne-Laure Bondoux,False
649,Octobre 2022,"Sa Majesté mène l'enquête, tome 2 : Bain de minuit à Buckingham",S. J. Bennett,False
650,Octobre 2022,Malamute,Jean-Paul Didierlaurent,False
651,Octobre 2022,Le manuscrit de Birkenau,José Rodrigues dos Santos,False
652,Octobre 2022,Mardi soir 19h,Gilles Legardinier,False
653,Octobre 2022,Miss Islande,Auður Ava Ólafsdóttir,False
654,Octobre 2022,Le monde du vivant,Florent Marchet,False
655,Octobre 2022,"Roy Grace, tome 13 : La Mort de Lorna Belling",Peter James,False
656,Octobre 2022,Mr Wilder et moi,Jonathan Coe,False
657,Octobre 2022,"Nevernight, tome 1 : N'oublie jamais",Jay Kristoff,False
658,Octobre 2022,N'oublie pas les fleurs,Genki Kawamura,False
659,Octobre 2022,Noël au pays des bretzels,Ena Fitzbel,False
660,Octobre 2022,Ogresse,Aylin Manço,False
661,Octobre 2022,La Pâqueline ou les mémoires d'une mère monstrueuse,Isabelle Duquesnoy,False
662,Octobre 2022,La Piste des cendres,Emmanuel Chastellière,False
663,Octobre 2022,Du plomb dans la tête,Olivier Bocquet,False
664,Octobre 2022,Quality Land,Marc-Uwe Kling,False
665,Octobre 2022,QI,Christina Dalcher,False
666,Octobre 2022,Recalé,Michael Hjorth,False
667,Octobre 2022,La rivière des disparues,Liz Moore,False
668,Octobre 2022,Le roman de Tyll Ulespiègle,Daniel Kehlmann,False
669,Octobre 2022,Rouge,Koz,False
670,Octobre 2022,Rouquine,Stéphane Poirier,False
671,Octobre 2022,S'adapter ou mourir,Antoine Renand,False
672,Octobre 2022,"La saga des Cazalet, tome 2 : A rude épreuve",Elizabeth Jane Howard,False
673,Octobre 2022,La semaine perpétuelle,Laura Vazquez,False
674,Octobre 2022,"Les sentiers des astres, tome 4 : Jaunes yeux",Stefan Platteau,False
675,Octobre 2022,Les sept châtiments,Jordi Llobregat,False
676,Octobre 2022,Ma soeur est morte à Chicago,Naomi Hirahara,False
677,Octobre 2022,Les soeurs du Titanic,Patricia Falvey,False
678,Octobre 2022,Le sourire de Jackrabbit,Joe R. Lansdale,False
679,Octobre 2022,Superstitions,Ellison Cooper,False
680,Octobre 2022,"Tabarnak, je passe Noël au Canada !",Natacha Pilorge,False
681,Octobre 2022,Un tueur sur mesure,Sam Millar,False
682,Octobre 2022,"Lady astronaute, tome 1 : Vers les étoiles",Mary Robinette Kowal,False
683,Octobre 2022,La Vie des morts,Jean-Marie Laclavetine,False
684,Octobre 2022,Vous reprendrez bien un peu de magie pour Noël ?,Carène Ponte,False
685,Novembre 2022,American Predator,Maureen Callahan,False
686,Novembre 2022,L'Autre bout du fil,Andrea Camilleri,False
687,Novembre 2022,Beauchamp Hall,Danielle Steel,False
688,Novembre 2022,Une bonne raison de se tuer,Philippe Besson,False
689,Novembre 2022,Ceux d'ici ne savent pas,Heather Young,False
690,Novembre 2022,"Le Chat du bibliothécaire, tome 4 : Sinistre réputation",Miranda James,False
691,Novembre 2022,La cité des jarres,Arnaldur Indriðason,False
692,Novembre 2022,La Dame du Ritz,Melanie Benjamin,False
693,Novembre 2022,En attendant Eden,Elliot Ackerman,False
694,Novembre 2022,Entre le paradis et l'enfer : La catabase,Jack Jakoli,False
695,Novembre 2022,L'épouse de lord Carew,Mary Balogh,False
696,Novembre 2022,Fantômes,Christian Kiefer,False
697,Novembre 2022,Mon garçon,Xavier de Moulins,False
698,Novembre 2022,Impossible,Erri De Luca,False
699,Novembre 2022,Rendez-vous au paradis,Heine Bakkeid,False
700,Novembre 2022,Modifié,Sébastien L. Chauzu,False
701,Novembre 2022,Un Noël à Eaton Square,Anne Perry,False
702,Novembre 2022,Les Patients du docteur Garcia,Almudena Grandes,False
703,Novembre 2022,Les Pionniers,Ernest Haycox,False
704,Novembre 2022,"Le cycle d'Alamänder, tome 1 : La porte des abysses",Alexis Flamand,False
705,Novembre 2022,Un reflet de lune,Estelle Faye,False
706,Novembre 2022,Rien à déclarer,Richard Ford,False
707,Novembre 2022,Romy et les lumières de Paris,Michelle Marly,False
708,Novembre 2022,Sanction,Ferdinand von Schirach,False
709,Novembre 2022,Le Sang et la Cendre,Jennifer L. Armentrout,False
710,Novembre 2022,Le second sommeil,Robert Harris,False
711,Novembre 2022,Les Terres du chacal,Amos Oz,False
712,Novembre 2022,Toutes ces vies jamais vécues,Anuradha Roy,False
713,Novembre 2022,Ultime preuve d'amour,Michel Canesi,False
714,Novembre 2022,La violoniste d'Auschwitz,Ellie Midwood,False
715,Janvier 2023,Arbre de l'oubli,Nancy Huston,False
716,Janvier 2023,Blizzard,Marie Vingtras,False
717,Janvier 2023,Bluebird,Geneviève Damas,False
718,Janvier 2023,Le bracelet,Andrea Maria Schenkel,False
719,Janvier 2023,Le Cahier volé à Vinkovci,Dragan Velikic,False
720,Janvier 2023,"Le cas Malaussène, tome 1 : Ils m'ont menti",Daniel Pennac,False
721,Janvier 2023,Ce n'était que la peste,Ludmila Oulitskaïa,False
722,Janvier 2023,Ce que nous confions au vent,Laura Imai Messina,False
723,Janvier 2023,La Chair du tigre,Zoltan Mayer,False
724,Janvier 2023,Le chant des glaces,Jean Krug,False
725,Janvier 2023,"Cormoran Strike, tome 5 : Sang trouble",Robert Galbraith,False
726,Janvier 2023,"Daevabad, tome 2 : Le royaume de cuivre",S.A. Chakraborty,False
727,Janvier 2023,Les Danseurs de l'aube,Marie Charrel,False
728,Janvier 2023,Dans la baie fauve,Sara Baume,False
729,Janvier 2023,Dans la nuit blanche,Olivier Adam,False
730,Janvier 2023,Le Désert des couleurs,Aurélie Wellenstein,False
731,Janvier 2023,Enfant de salaud,Sorj Chalandon,False
732,Janvier 2023,La fabrique des lendemains,Rich Larson,False
733,Janvier 2023,La femme et l'oiseau,Isabelle Sorente,False
734,Janvier 2023,La femme qui n'aimait plus les hommes,Isabelle Le Nouvel,False
735,Janvier 2023,La Folly (Te tenir la main pendant que tout brûle),Johana Gustawsson,False
736,Janvier 2023,Le Grand Marin,Catherine Poulain,False
737,Janvier 2023,Le Grand Monde,Pierre Lemaitre,False
738,Janvier 2023,Héroïne,Tristan Saule,False
739,Janvier 2023,Un jardin de mensonges,Susan Fletcher,False
740,Janvier 2023,Je suis la maman du bourreau,David Lelait-Helo,False
741,Janvier 2023,Les Lanceurs de feu,Jan Carson,False
742,Janvier 2023,Lazare,Lars Kepler,False
743,Janvier 2023,Leur domaine,Jo Nesbø,False
744,Janvier 2023,"Le Livre des Martyrs, tome 3 : Les Souvenirs de la Glace",Steven Erikson,False
745,Janvier 2023,La maison des Hollandais,Ann Patchett,False
746,Janvier 2023,La nature de la bête,Louise Penny,False
747,Janvier 2023,Nostalgie d'un autre monde,Ottessa  Moshfegh,False
748,Janvier 2023,Notre part de nuit,Mariana Enriquez,False
749,Janvier 2023,Nos vies en flammes,David Joy,False
750,Janvier 2023,Numéro deux,David Foenkinos,False
751,Janvier 2023,Otage,Clare Mackintosh,False
752,Janvier 2023,Paris-Briançon,Philippe Besson,False
753,Janvier 2023,Pour rien au monde,Ken Follett,False
754,Janvier 2023,Pour une heure oubliée,Frédéric Perrot,False
755,Janvier 2023,Premier sang,Amélie Nothomb,False
757,Janvier 2023,Le quatrième Roi Mage,Antonio Exposito,False
758,Janvier 2023,Les 4 enquêtrices de la supérette Gwangseon,Gunwoo Jeon,False
759,Janvier 2023,"Serpent & Dove, tome 1",Shelby Mahurin,False
760,Janvier 2023,Seule en sa demeure,Cécile Coulon,False
761,Janvier 2023,Seul entouré de chiens qui mordent,David Thomas,False
762,Janvier 2023,Six pieds sur terre,Antoine Dole,False
763,Janvier 2023,Les Soeurs d'Auschwitz,Heather Morris,False
764,Janvier 2023,Les Soeurs de Montmorts,Jérôme Loubry,False
765,Janvier 2023,Soleil amer,Lilia Hassaine,False
766,Janvier 2023,Le Stradivarius de Goebbels,Yoann Iacono,False
767,Janvier 2023,Ton absence n'est que ténèbres,Jón Kalman Stefánsson,False
768,Janvier 2023,Un si joli nulle part,Alexis Schaitkin,False
769,Janvier 2023,Voyage au bout de l'enfance,Rachid Benzine,False
770,Février 2023,L'âge des amours égoïstes,Jérôme Attal,False
771,Février 2023,Des âmes consolées,Mary Lawson,False
772,Février 2023,L'Amour au temps des scélérats,Anouar Benmalek,False
773,Février 2023,Après,Stephen King,False
774,Février 2023,L'arbre de colère,Guillaume Aubin,False
775,Février 2023,Avant que le monde ne se ferme,Alain Mascaro,False
776,Février 2023,Avec la permission de Gandhi,Abir Mukherjee,False
777,Février 2023,Les Beaux Mensonges (Spécial K),Céline de Roany,False
778,Février 2023,La Bibliothèque de minuit,Matt Haig,False
779,Février 2023,Le Carnet des rancunes,Jacques Expert,False
780,Février 2023,Le Cavalier de la Nuit,Robert Penn Warren,False
781,Février 2023,Le chant de la vengeance,Megan Chance,False
782,Février 2023,Chère petite,Romy Hausmann,False
783,Février 2023,"Chevauche-Brumes, tome 3 : L'Appel des grands cors",Thibaud Latil-Nicolas,False
784,Février 2023,La clé du sang,Ruth Ware,False
785,Février 2023,Les Collectionneurs d'images,Jóanes Nielsen,False
786,Février 2023,Consumée,Antonia Crane,False
787,Février 2023,Couleurs de l'adieu,Bernhard Schlink,False
788,Février 2023,Les Couleurs du silence,Delphine Giraud,False
789,Février 2023,La Cour des mirages,Benjamin Dierstein,False
790,Février 2023,La Décision,Karine Tuil,False
791,Février 2023,De silence et de loup,Patrice Gain,False
792,Février 2023,"Dix âmes, pas plus",Ragnar Jónasson,False
793,Février 2023,Les douleurs fantômes,Mélissa Da Costa,False
794,Février 2023,Eau douce,Akwaeke Emezi,False
795,Février 2023,L'Équarrisseur,Nadine Matheson,False
796,Février 2023,L'Étoile brisée,Nadeije Laneyrie-Dagen,False
797,Février 2023,Et l'amour continue...,Joffrey Gabriel,False
798,Février 2023,La Faussaire,Patricia Delahaie,False
799,Février 2023,Le Fracas et le Silence,Cory Anderson,False
800,Février 2023,Friday Black,Nana Kwame Adjei-Brenyah,False
801,Février 2023,"Hadès, Argentine",Daniel Loedel,False
802,Février 2023,L'Horizon d'une nuit,Camilla Grebe,False
803,Février 2023,Les Incorrigibles,Patrice Quélard,False
804,Février 2023,La jeune femme et l'ogre,John Connolly,False
805,Février 2023,Klara et le Soleil,Kazuo Ishiguro,False
806,Février 2023,Liberata,Gail Reitano,False
807,Février 2023,Lord Cochrane et le Trésor de Selkirk,Gilberto Villarroel,False
808,Février 2023,Lore,Alexandra Bracken,False
809,Février 2023,Les loups,Benoît Vitkine,False
810,Février 2023,Love after love,Ingrid Persaud,False
811,Février 2023,Lunch-box,Emilie de Turckheim,False
812,Février 2023,Macha ou l'Évasion,Jérôme Leroy,False
813,Février 2023,Les Maisons vides,Laurine Thizy,False
814,Février 2023,Matrices,Céline Denjean,False
815,Février 2023,Mahmoud ou la montée des eaux,Antoine Wauters,False
816,Février 2023,Mr Loverman,Bernardine Evaristo,False
817,Février 2023,Noces de jasmin,Hella Feki,False
818,Février 2023,La nuit tombée sur nos âmes,Frédéric Paulin,False
819,Février 2023,Les Nuits bleues,Anne-Fleur Multon,False
820,Février 2023,Le pain perdu,Edith Bruck,False
821,Février 2023,Parce que les fleurs sont blanches,Gerbrand Bakker,False
822,Février 2023,Par le fil je t'ai cousue,Fawzia Zouari,False
823,Février 2023,La plus secrète mémoire des hommes,Mohamed Mbougar Sarr,False
824,Février 2023,Les Promises,Jean-Christophe Grangé,False
825,Février 2023,Pour quand tu seras grande,Véronique Gallo,False
826,Février 2023,Une pluie de septembre,Anna Bailey,False
827,Février 2023,Rassemblez-vous en mon nom,Maya Angelou,False
828,Février 2023,Rendez-vous à Naples,Jean-Pierre Cabanes,False
829,Février 2023,Les saisons d'après,Christian Carayon,False
830,Février 2023,Sauvagines,Gabrielle Filteau-Chiba,False
831,Février 2023,Le Secret,Morgane Ortin,False
832,Février 2023,Set et match !,Liane Moriarty,False
833,Février 2023,Si tu me balances,Anders Roslund,False
834,Février 2023,Symphonie atomique,Etienne Cunge,False
835,Février 2023,La toute petite reine,Agnès Ledig,False
836,Février 2023,La Valse des petits pas,Claire Renaud,False
837,Février 2023,Le vertige de la peur,Linwood Barclay,False
838,Février 2023,Les Vies de Jacob,Christophe Boltanski,False
839,Février 2023,60 minutes,M. J. Arlidge,False
840,Mars 2023,L'Adieu au rivage,Manuela Piemonte,False
841,Mars 2023,Adultère,Yves Ravey,False
842,Mars 2023,L'Âge d'or,Renée Rosen,False
843,Mars 2023,À l'adresse du bonheur,Lorraine Fouchet,False
844,Mars 2023,America[s],Ludovic Manchette,False
845,Mars 2023,L'amour par temps de crise,Daniela Krien,False
847,Mars 2023,Aucune terre n'est promise,Lavie Tidhar,False
848,Mars 2023,Au royaume des cris,Mathieu Lecerf,False
849,Mars 2023,Au temps des requins et des sauveurs,Kawai Strong Washburn,False
850,Mars 2023,La Capture : Qui sème les coups récolte la vengeance,Nicolas Lebel,False
851,Mars 2023,Cemetery Road,Greg Iles,False
852,Mars 2023,Ce qu'elle a laissé derrière elle,Ellen Marie Wiseman,False
853,Mars 2023,Chair vive,Grisélidis Réal,False
854,Mars 2023,La Chasse,Gabriel Bergmoser,False
855,Mars 2023,Château de cartes,Miguel Szymanski,False
856,Mars 2023,Les Chats éraflés,Camille Goudeau,False
857,Mars 2023,La Colline aux disparus,Tana French,False
858,Mars 2023,Comme une éclipse,Sophie Rouvier,False
859,Mars 2023,Les Confins,Eliott de Gastines,False
860,Mars 2023,Dans l'Etat Sauvage,Diane Cook,False
861,Mars 2023,Dans la neige ardente,Olivier Gallien,False
862,Mars 2023,De notre monde emporté,Christian Astolfi,False
863,Mars 2023,Désenchantées,Marie Vareille,False
864,Mars 2023,Des matins heureux,Sophie Tal Men,False
865,Mars 2023,L'Enfant réparé,Grégoire Delacourt,False
866,Mars 2023,L'évangile de la colère,Ghislain Gilberti,False
867,Mars 2023,La Félicité du loup,Paolo Cognetti,False
868,Mars 2023,La femme que nous sommes,Emma Deruschi,False
869,Mars 2023,Feu,Maria Pourchet,False
870,Mars 2023,Le fils de l'homme,Jean-Baptiste Del Amo,False
871,Mars 2023,Fleur de sang,Emmanuel Robert-Espalieu,False
872,Mars 2023,Fuir l'Eden,Olivier Dorchamps,False
873,Mars 2023,Les Grandes Occasions,Alexandra Matine,False
874,Mars 2023,Grand Hotel Europa,Ilja Leonard Pfeijffer,False
875,Mars 2023,Guetter l'aurore,Julie Printzac,False
876,Mars 2023,"Histoire de la souffrance, tome 1 : Âmes",Tristan Garcia,False
877,Mars 2023,L'homme qui n'aimait plus les chats,Isabelle Aupy,False
878,Mars 2023,Iberio,David Zukerman,False
879,Mars 2023,Les Jardins de Zagarand,Éric de Kermel,False
880,Mars 2023,Kasso,Jacky Schwartzmann,False
881,Mars 2023,Le labyrinthe des femmes,Coline Gatel,False
882,Mars 2023,Là où vivent les hommes,Christian Signol,False
883,Mars 2023,Le Magasin des jouets cassés,Julien Rampin,False
884,Mars 2023,La Maison des solitudes,Constance Rivière,False
885,Mars 2023,Même les anges,Christèle Wurmser,False
886,Mars 2023,Nouvelle Babel,Michel Bussi,False
887,Mars 2023,Odette et le taxi jaune,Isabelle Artus,False
888,Mars 2023,La pêche au petit brochet,Juhani Karila,False
889,Mars 2023,La Petite Ritournelle de l'horreur,Cécile Cabanac,False
890,Mars 2023,Petiote,Benoît Philippon,False
891,Mars 2023,Le Plongeur,Minos Efstathiadis,False
892,Mars 2023,Les Poupées,Alexis Laipsker,False
893,Mars 2023,Le Premier jour du printemps,Nancy Tucker,False
894,Mars 2023,Sarà perché ti amo,Serena Giuliano,False
895,Mars 2023,Semia,Audrey Gloaguen,False
896,Mars 2023,Sidérations,Richard Powers,False
897,Mars 2023,Solak,Caroline Hinault,False
898,Mars 2023,Le Souffle des rêves,Clarisse Sabard,False
899,Mars 2023,La Souricière,Danielle Thiéry,False
900,Mars 2023,Les Survivants,Jane Harper,False
901,Mars 2023,Terra Nullius,Victor Guilbert,False
902,Mars 2023,Le Tour des arènes,Anny Duperey,False
903,Mars 2023,Un grain de moutarde,Laila Ibrahim,False
904,Mars 2023,Une ombre familière,Amy Engel,False
905,Mars 2023,Un prénom en trop,Christophe Carlier,False
906,Mars 2023,Un tesson d'éternité,Valérie Tong Cuong,False
907,Mars 2023,Une vérité changeante,Gianrico Carofiglio,False
908,Mars 2023,Rien ne t'appartient,Nathacha Appanah,False
909,Mars 2023,La ville nous appartient,Justin Fenton,False
910,Avril 2023,Les Ailes collées,Sophie de Baere,False
911,Avril 2023,Aires,Marcus Malte,False
912,Avril 2023,Alba Nera,Giancarlo De Cataldo,False
913,Avril 2023,Aminata,Lawrence Hill,False
914,Avril 2023,Apparition,Viktor Vincent,False
915,Avril 2023,Appia,Paolo Rumiz,False
916,Avril 2023,Après l'océan,Laurence Peyrin,False
917,Avril 2023,Autopsie,Patricia Cornwell,False
918,Avril 2023,Berlin Requiem,Xavier-Marie Bonnot,False
919,Avril 2023,Les Bourgeoises,Astrid Eliard,False
920,Avril 2023,"Le Bureau des Affaires occultes, tome 2 : Le fantôme du vicaire",Éric Fouassier,False
921,Avril 2023,C'est encore loin le bonheur ?,Amélie Baumann,False
922,Avril 2023,"Le chat du bibliothécaire, tome 5 : Admiration funeste",Miranda James,False
923,Avril 2023,La Claque,Nicolas Robin,False
924,Avril 2023,Dans les profondeurs du temps,Adrian Tchaikovsky,False
925,Avril 2023,Le Déshonneur des Montergnac,Isabelle Buffet,False
926,Avril 2023,Les derniers jours des fauves,Jérôme Leroy,False
927,Avril 2023,Deux cigarettes dans le noir,Julien Dufresne-Lamy,False
928,Avril 2023,Deux femmes et un jardin,Anne Guglielmetti,False
929,Avril 2023,La diagonale Alekhine,Arthur Larrue,False
930,Avril 2023,Les dix mille portes de January,Alix E. Harrow,False
931,Avril 2023,Les dominos de la vie,Laure Manel,False
932,Avril 2023,En attendant Dogo,Jean-Bernard Pouy,False
933,Avril 2023,Les Enfants véritables,Thibault Bérard,False
934,Avril 2023,Envoyé un peu spécial,Julien Blanc-Gras,False
935,Avril 2023,Ernetti et le voyage interdit,Roland Portiche,False
936,Avril 2023,Et la vie reprit à petites foulées,Giulia Larigaldie,False
937,Avril 2023,Et que quelqu'un vous tende la main,Carène Ponte,False
938,Avril 2023,Les Exilées de Troie,Pat Barker,False
939,Avril 2023,Faux témoin,Karin Slaughter,False
940,Avril 2023,Fenêtre sur terre,Franck Bouysse,False
941,Avril 2023,Les filles qui mentent,Eva Björg Ægisdóttir,False
942,Avril 2023,Héloïse,Ophélie Cohen,False
943,Avril 2023,Hildegarde,Léo Henry,False
944,Avril 2023,Humeur noire,Anne-Marie Garat,False
945,Avril 2023,Les Incandescentes,C. J. Tudor,False
946,Avril 2023,Le jeudi suivant,Richard Osman,False
947,Avril 2023,Je suis le feu,Max Monnehay,False
948,Avril 2023,Les Larmes du Reich,François Médéline,False
949,Avril 2023,Léonie,Marlène Charine,False
950,Avril 2023,La Librairie des rêves ensevelis,Madeline Martin,False
951,Avril 2023,L'inoubliable voyage de miss Benson,Rachel Joyce,False
952,Avril 2023,Lucia,Bernard Minier,False
953,Avril 2023,"Lore Olympus, tome 1",Rachel Smythe,False
954,Avril 2023,"Lore Olympus, tome 2",Rachel Smythe,False
955,Avril 2023,Maison Atlas,Alice Kaplan,False
956,Avril 2023,Mamma Roma,Luca Di Fulvio,False
957,Avril 2023,Le Manoir aux roses,Tracy Rees,False
958,Avril 2023,Méfiez-vous des anges,Olivier Bal,False
959,Avril 2023,Melmoth furieux,Sabrina Calvo,False
960,Avril 2023,"Merci, Grazie, Thank you",Julien Sandrel,False
961,Avril 2023,Mon maître et mon vainqueur,François-Henri Désérable,False
962,Avril 2023,La Monture,Carol Emshwiller,False
963,Avril 2023,Le Mystère de la Fresque maudite,Chiara Montani,False
964,Avril 2023,Noa,Marc Levy,False
965,Avril 2023,Le Nouveau,Keigo Higashino,False
966,Avril 2023,Les Nuits Solidor,Charlotte Duthoo,False
967,Avril 2023,Le Parfum des cendres,Marie Mangez,False
968,Avril 2023,La Pie voleuse,Elizabeth Day,False
969,Avril 2023,La princesse au petit moi,Jean-Christophe Rufin,False
970,Avril 2023,Quand je reviendrai,Marco Balzano,False
971,Avril 2023,Les Racines de la Vengeance,Charlotte Link,False
972,Avril 2023,La réfugiée,Rabih Alameddine,False
973,Avril 2023,Les Rites de l'eau,Eva García Saenz de Urturi,False
974,Avril 2023,La Rivière,Peter Heller,False
975,Avril 2023,Les routes oubliées,S. A. Cosby,False
976,Avril 2023,Sainte Marguerite-Marie et moi,Clémentine Beauvais,False
977,Avril 2023,Scarlett,François-Guillaume Lorrain,False
978,Avril 2023,Le sens de nos pas,Claire Norton,False
979,Avril 2023,Le Silence des repentis,Kimi Cunningham Grant,False
980,Avril 2023,Sinestra,Armelle Carbonel,False
981,Avril 2023,Les Sirènes d'Es Vedrá,Tom Charbit,False
982,Avril 2023,Les souvenirs et les mensonges aussi...,Karine Lebert,False
983,Avril 2023,Stella,Takis Würger,False
984,Avril 2023,Le Syndrome du canal carpien,John Boyne,False
985,Avril 2023,Terra Alta,Javier Cercas,False
986,Avril 2023,The Good Girls,Sonia Faleiro,False
987,Avril 2023,Time Corridor,Dahlia Perez,False
988,Avril 2023,Les trois vies de Suzana Baker,Philippe Amar,False
989,Avril 2023,666,Jérémy Wulc,False
990,Mai 2023,1800 : La Main de sang,Tristan Mathieu,False
991,Mai 2023,Abandonner un chat : Souvenirs de mon père,Haruki Murakami,False
992,Mai 2023,Absolution,Yrsa Sigurdardottir,False
993,Mai 2023,L'Amour des grands,Caroline Michel,False
994,Mai 2023,L'Antre des louves,Elodie Harper,False
995,Mai 2023,Au prochain arrêt,Hiro Arikawa,False
996,Mai 2023,L'autre moitié du monde,Laurine Roux,False
997,Mai 2023,Avec joie et docilité,Johanna Sinisalo,False
998,Mai 2023,Beatrice,Lina Bengtsdotter,False
999,Mai 2023,Béni soit le père,Rosa Ventrella,False
1000,Mai 2023,Bestial,Anouk Shutterberg,False
1001,Mai 2023,La Bibliothèque des rêves secrets,Michiko Aoyama,False
1002,Mai 2023,"Bretzel & beurre salé, tome 3 : L'habit ne fait pas le moine",Margot et Jean Le Moal,False
1003,Mai 2023,"The bone season, tome 3 : Le chant se lève",Samantha Shannon,False
1004,Mai 2023,Les Bruits du souvenir,Sophie Astrabie,False
1005,Mai 2023,Célestopol 1922,Emmanuel Chastellière,False
1006,Mai 2023,Celle qui ne pardonnait pas,Christophe Vasse,False
1007,Mai 2023,La chronique des Bridgerton : La reine Charlotte,Julia Quinn,False
1008,Mai 2023,"Les chroniques de Bond Street, tome 1 : Lady Fortescue à la rescousse - Miss Tonks prend son envol",M.C. Beaton,False
1009,Mai 2023,La Cité hantée,Douglas Preston,False
1010,Mai 2023,Connemara,Nicolas Mathieu,False
1011,Mai 2023,D'audace et de liberté,Akli Tadjer,False
1012,Mai 2023,De nouveaux endroits,Lucile Génin,False
1013,Mai 2023,Duchess,Chris Whitaker,False
1014,Mai 2023,Écoute la pluie tomber,Olivia Ruiz,False
1015,Mai 2023,Et ces êtres sans pénis !,Chahdortt Djavann,False
1016,Mai 2023,L'étoile de la liberté,Oriane Lapouge,False
1017,Mai 2023,Frakas,Thomas Cantaloube,False
1018,Mai 2023,Gabrielle ou les infortunes de la vertu,Catherine Delors,False
1019,Mai 2023,Le Gosse,Véronique Olmi,False
1020,Mai 2023,La Grande Traversée,Shion Miura,False
1021,Mai 2023,Le Guerrier de porcelaine,Mathias Malzieu,False
1022,Mai 2023,L'Île aux arbres disparus,Elif Shafak,False
1023,Mai 2023,Il nous restera ça,Virginie Grimaldi,False
1024,Mai 2023,L'invité(e) de trop,Lucy Foley,False
1025,Mai 2023,Jeu d'enfant,Danielle Steel,False
1026,Mai 2023,"Lazare en guerre, tome 1 : L'artefact",Jamie Sawyer,False
1027,Mai 2023,Le livre des heures,Anne Delaflotte Mehdevi,False
1028,Mai 2023,Le livre du désert,Mo Hayder,False
1029,Mai 2023,Labyrinthes,Franck Thilliez,False
1030,Mai 2023,Le Magasin des souvenirs : Charlotte & Anna (L'Ambition du bonheur),Katharina Fuchs,False
1031,Mai 2023,La main de Dieu,Valerio Varesi,False
1032,Mai 2023,La Maison poussière,Valérie Péronnet,False
1033,Mai 2023,Mémoires d'une fourmi,Bernard Werber,False
1034,Mai 2023,Mobylette,Frédéric Ploussard,False
1035,Mai 2023,"Moi, Julia",Santiago Posteguillo,False
1036,Mai 2023,Les Mystères de Fleat House,Lucinda Riley,False
1037,Mai 2023,Ms Alvarez et Wilfried Bosco : Les Ombres de Salem,Stéphane Galas,False
1038,Mai 2023,Omerta,R.J. Ellory,False
1039,Mai 2023,"Le Pays des autres, tome 2 : Regardez-nous danser",Leïla Slimani,False
1040,Mai 2023,Le plus beau lundi de ma vie tomba un mardi,Camille Andrea,False
1041,Mai 2023,Résine,Ane Riel,False
1043,Mai 2023,Les rêves qui nous restent,Boris Quercia,False
1044,Mai 2023,"La saga des Florio, tome 2 : Le Triomphe des lions",Stefania Auci,False
1045,Mai 2023,"La saga du Soleil noir, tome 5 : 669",Éric Giacometti,False
1046,Mai 2023,Sans loi ni maître,Arturo Pérez-Reverte,False
1047,Mai 2023,Sel,Jussi Adler-Olsen,False
1048,Mai 2023,Le silence des dieux,Yahia Belaskri,False
1049,Mai 2023,Les Sirènes de Malibu,Taylor Jenkins Reid,False
1050,Mai 2023,Soixante secondes de bonheur,Bruno Combes,False
1051,Mai 2023,Sorrowland,Rivers Solomon,False
1052,Mai 2023,The Spanish Love Deception,Elena Armas,False
1053,Mai 2023,Summit,Mo Malø,False
1054,Mai 2023,Suzuran,Aki Shimazaki,False
1055,Mai 2023,Tala Yuna,Charles Aubert,False
1056,Mai 2023,Tout ce qui est à toi brûlera,Will Dean,False
1057,Mai 2023,Traquenoir,Ed Lacy,False
1058,Mai 2023,Traqués,Adrian McKinty,False
1059,Mai 2023,Tu ne seras plus mon frère,Christian Blanchard,False
1060,Mai 2023,Une enquête de Beatrice Hyde-Clare : Une insolente curiosité,Lynn Messina,False
1061,Mai 2023,Un été à Nantucket,Elin Hilderbrand,False
1062,Mai 2023,Une femme juste,Jean-Guy Soumy,False
1063,Mai 2023,Un rhinocéros à Versailles,Alexandra de Broca,False
1064,Mai 2023,Un si bel horizon,Françoise Bourdin,False
1065,Mai 2023,La Valse des jours,Alizé Cornet,False
1066,Mai 2023,Vies et mort de Lucy Loveless,Laura Shepherd-Robinson,False
1067,Mai 2023,"La villa aux étoffes, tome 5 : Tempête sur la villa aux étoffes",Anne Jacobs,False
1068,Mai 2023,Voilà les anges,Cali,False
1069,Mai 2023,"Les Voyageurs, tome 2 : Libration",Becky Chambers,False
1070,Septembre 2023,À la mesure de nos silences,Sophie Loubière,False
1071,Septembre 2023,L'Affaire du siècle,Mariah Fredericks,False
1072,Septembre 2023,L'air était tout en feu,Camille Pascal,False
1073,Septembre 2023,L'Archipel des oubliés,Nicolas Beuglet,False
1074,Septembre 2023,Au café de la ville perdue,Anaïs Llobet,False
1075,Septembre 2023,Avant les années terribles,Victor del Arbol,False
1076,Septembre 2023,Avec Bas Jan Ader,Thomas Giraud,False
1077,Septembre 2023,L'Avenir,Catherine Leroux,False
1078,Septembre 2023,"La Ballade de Pern - Intégrale, tome 4",Anne McCaffrey,False
1079,Septembre 2023,"The Bone season, tome 4 : Le masque tombe",Samantha Shannon,False
1080,Septembre 2023,Le Café du temps retrouvé,Toshikazu Kawaguchi,False
1081,Septembre 2023,"Capitale du Sud, tome 2 : Trois lucioles",Guillaume Chamanadjian,False
1082,Septembre 2023,Ce que nous désirons le plus,Caroline Laurent,False
1083,Septembre 2023,Le Chant d'Haïganouch,Ian Manook,False
1084,Septembre 2023,"Les Chroniques de Bond Street, tome 2 : La Disgrâce de Mrs Budley - Sir Philip perd la tête",M.C. Beaton,False
1085,Septembre 2023,Le Coeur des louves,Stéphane Servant,False
1086,Septembre 2023,Les Colliers de feu,Femi Kayode,False
1087,Septembre 2023,Les Contreforts,Guillaume Sire,False
1088,Septembre 2023,Les Couleurs du destin,Mireille Pluchard,False
1089,Septembre 2023,Le Cuisinier de l'Alcyon,Andrea Camilleri,False
1090,Septembre 2023,"Daevabad, tome 3 : L'Empire d'or",S.A. Chakraborty,False
1091,Septembre 2023,Dans mon coeur à jamais,Narinai Abgaryan,False
1092,Septembre 2023,Débarquer,Hugo Boris,False
1093,Septembre 2023,La Déesse et le Marchand,Amitav Ghosh,False
1094,Septembre 2023,La Déraison,Agnès Martin-Lugand,False
1095,Septembre 2023,Des hommes sans nom,Marc Victor,False
1096,Septembre 2023,Docile,Aro Sáinz de la Maza,False
1097,Septembre 2023,L'Enfant qui voulait disparaître,Jason Mott,False
1098,Septembre 2023,L'espion qui venait du livre,Luc Chomarat,False
1099,Septembre 2023,La Femme du deuxième étage,Jurica Pavicic,False
1100,Septembre 2023,Fille A,Abigail Dean,False
1101,Septembre 2023,La fille qui séchappa dAuschwitz,Ellie Midwood,False
1102,Septembre 2023,Frida Kahlo et les couleurs de la vie,Caroline Bernard,False
1103,Septembre 2023,L'homme que je ne devais pas aimer,Agathe Ruga,False
1104,Septembre 2023,Hors gel,Emmanuelle Salasc,False
1105,Septembre 2023,Je sais qui l'a tué,Steve Mosby,False
1106,Septembre 2023,"Le Livre des martyrs, tome 4 : La Maison des chaînes",Steven Erikson,False
1107,Septembre 2023,M : L'Enfant du siècle,Antonio Scurati,False
1108,Septembre 2023,Madame Hayat,Ahmet Altan,False
1109,Septembre 2023,Miss Eliza,Annabel Abbs,False
1110,Septembre 2023,Mohican,Éric Fottorino,False
1111,Septembre 2023,Mon business model,Julien Gangnet,False
1112,Septembre 2023,Nous irons mieux demain,Tatiana de Rosnay,False
1113,Septembre 2023,La Nurse du Yorkshire,Stacey Halls,False
1114,Septembre 2023,Les Oiseaux,Tarjei Vesaas,False
1115,Septembre 2023,Les Ombres filantes,Christian Guay-Poliquin,False
1116,Septembre 2023,Les Papillons noirs,Gabriel Katz,False
1117,Septembre 2023,Paradis,Abdulrazak Gurnah,False
1118,Septembre 2023,Le Pays au-delà des mers,Christina Baker Kline,False
1119,Septembre 2023,Peurs en eau profonde,Olivier Descosse,False
1120,Septembre 2023,Priya : La fille du boucher,Marie Capron,False
1121,Septembre 2023,Reine de coeur,Akira Mizubayashi,False
1122,Septembre 2023,Le Retour d'Ariane,Christian Laborie,False
1123,Septembre 2023,Riley tente l'impossible,Jeffry P. Lindsay,False
1124,Septembre 2023,"Le Royaume de Pierre d'Angle, tome 2  : Les Filles de Mai",Pascale Quiviger,False
1125,Septembre 2023,Le Royaume perdu,Éric Giacometti,False
1126,Septembre 2023,Un royaume de chair et de feu,Jennifer L. Armentrout,False
1127,Septembre 2023,Secrets boréals,Anna Raymonde Gazaille,False
1128,Septembre 2023,Sexe et mensonges,Leïla Slimani,False
1129,Septembre 2023,Son empire,Claire Castillon,False
1130,Septembre 2023,Le Tableau du peintre juif,Benoît Séverac,False
1131,Septembre 2023,Les Ténèbres et la Nuit,Michael Connelly,False
1132,Septembre 2023,Time salvager,Wesley Chu,False
1133,Septembre 2023,Un étranger en Olondre,Sofia Samatar,False
1134,Septembre 2023,Un monde merveilleux,Paul Colize,False
1135,Septembre 2023,Une écharpe dans la neige,Viveca Sten,False
1136,Septembre 2023,Une enquête de Washington Poe : Le Cercle de pierres,M.W. Craven,False
1137,Septembre 2023,Une vie en échange,Lorraine Fouchet,False
1138,Septembre 2023,Valse fauve,Pénélope Rose,False
1139,Septembre 2023,Zoomania,Abby Geni,False
1140,Août-Octobre 2023,À ma soeur et unique,Guy Boley,False
1141,Août-Octobre 2023,Perspective(s),Laurent Binet,False
1142,Août-Octobre 2023,Le Roman de Jeanne et Nathan,Clément Camar-Mercier,False
1143,Août-Octobre 2023,Et vous passerez comme des vents fous,Clara Arnaud,False
1144,Août-Octobre 2023,Étraves,Sylvain Coher,False
1145,Août-Octobre 2023,Déserter,Mathias Enard,False
1146,Août-Octobre 2023,Psychopompe,Amélie Nothomb,False
1147,Août-Octobre 2023,L'Épaisseur d'un cheveu,Claire Berest,False
1148,Août-Octobre 2023,Chaleur humaine,Serge Joncour,False
1149,Août-Octobre 2023,Les pyromanes,Vincent Delareux,False
1150,Août-Octobre 2023,Combien de lunes,Laura El Makki,False
1151,Août-Octobre 2023,Sous les strates,Lou Eve,False
1152,Août-Octobre 2023,Les Chants d'amour de Wood Place,Honorée Fanonne Jeffers,False
1153,Août-Octobre 2023,Dès que sa bouche fut pleine,Juliette Oury,False
1154,Août-Octobre 2023,Que ferais-je à ma place ?,Charly Delwart,False
1155,Août-Octobre 2023,La Nuit imaginaire,Hugo Lindenberg,False
1156,Août-Octobre 2023,La dent dure,Isabelle Garreau,False
1157,Août-Octobre 2023,Le délicieux Professeur V,Julia May Jonas,False
1158,Août-Octobre 2023,Les Voleurs d'innocence,Sarai Walker,False
1159,Août-Octobre 2023,Le Chant des innocents,Piergiorgio Pulixi,False
1160,Août-Octobre 2023,Le livre de la rentrée,Luc Chomarat,False
1161,Août-Octobre 2023,Les Terres animales,Laurent Petitmangin,False
1162,Août-Octobre 2023,Le Jour et l'Heure,Carole Fives,False
1163,Août-Octobre 2023,Visite,Li-Cam,False
1164,Août-Octobre 2023,Vous ne connaissez rien de moi,Julie Héraclès,False
1165,Août-Octobre 2023,Sauvage,Julia Kerninon,False
1166,Août-Octobre 2023,Veiller sur elle,Jean-Baptiste Andrea,False
1167,Août-Octobre 2023,L'Indésir,Joséphine Tassy,False
1168,Août-Octobre 2023,La Danse des damnées,Kiran Millwood Hargrave,False
1169,Août-Octobre 2023,La Reine aux yeux de lune,Wilfried N'Sondé,False
1170,Août-Octobre 2023,"Proust, roman familial",Laure Murat,False
1171,Août-Octobre 2023,Une histoire romaine,Louis-Philippe Dalembert,False
1172,Août-Octobre 2023,Le Café sans nom,Robert Seethaler,False
1173,Août-Octobre 2023,Les faiseurs d'anges,Martine Van Woerkens,False
1174,Août-Octobre 2023,Les silences des pères,Rachid Benzine,False
1175,Août-Octobre 2023,La Propagandiste,Cécile Desprairies,False
1176,Août-Octobre 2023,Eunice,Lisette Lombé,False
1177,Août-Octobre 2023,Et si c'était une nuit,Tobie Nathan,False
1178,Août-Octobre 2023,La prochaine fois que tu mordras la poussière,Panayotis Pascot,False
1179,Août-Octobre 2023,Les âmes errantes,Cecile Pin,False
1180,Août-Octobre 2023,Western,Maria Pourchet,False
1181,Août-Octobre 2023,Le récit du combat,Luc Lang,False
1182,Août-Octobre 2023,La Dernière Place,Négar Djavadi,False
1183,Août-Octobre 2023,"Marzahn, mon amour",Katja Oskamp,False
1184,Août-Octobre 2023,Le Dernier revival d'Opal & Nev,Dawnie Walton,False
1185,Août-Octobre 2023,Le Grand Cercle,Maggie Shipstead,False
1186,Août-Octobre 2023,Je vais bien,Régis Franc,False
1187,Août-Octobre 2023,"Demain, et demain, et demain",Gabrielle Zevin,False
1188,Août-Octobre 2023,Magnifique,Jean-Félix de La Ville Baugé,False
1189,Août-Octobre 2023,La maison vénéneuse,Raphaël Zamochnikoff,False
1190,Août-Octobre 2023,Le Dimanche du souvenir,Darragh McKeon,False
1191,Août-Octobre 2023,Le Portrait de mariage,Maggie OFarrell,False
1192,Août-Octobre 2023,Big girl,Mecca Jamilah Sullivan,False
1193,Août-Octobre 2023,Les Coquelicots,Nedjma,False
1194,Août-Octobre 2023,La vérité n'aura pas lieu,Frédéric Viguier,False
1195,Août-Octobre 2023,Tout blanc,Frédéric Ploussard,False
1196,Août-Octobre 2023,Une journée de chien,Sander Kollaard,False
1197,Août-Octobre 2023,Insatiable,Daisy Buchanan,False
1198,Août-Octobre 2023,Jeanne,Alix de Maistre,False
1199,Août-Octobre 2023,Le Château des Rentiers,Agnès Desarthe,False
1200,Août-Octobre 2023,Trust,Hernán Diaz,False
1201,Août-Octobre 2023,Georgette,Dea Liane,False
1202,Août-Octobre 2023,Plus jamais,Megan Nolan,False
1203,Août-Octobre 2023,Celles qu'on tue,Patricia Melo,False
1204,Août-Octobre 2023,Les Parts oubliées,Charmaine Wilkerson,False
1205,Août-Octobre 2023,J'ai 8 ans et je m'appelle Jean Rochefort,Adèle Fugère,False
1206,Août-Octobre 2023,Terre étrangère,Renaud Meyer,False
1207,Août-Octobre 2023,La Vénus au parapluie,Thibaud Gaudry,False
1208,Août-Octobre 2023,Déchirer le grand manteau noir,Aline Caudet,False
1210,Août-Octobre 2023,Tout ce qui manque,Florent Oiseau,False
1211,Août-Octobre 2023,Les Dragons,Jérôme Colin,False
1212,Août-Octobre 2023,Souviens-toi de ne pas mourir sans avoir aimé,Marc-Alexandre Oho Bambe,False
1213,Août-Octobre 2023,Un monde de ciel et de terre,Aleksandar Hemon,False
1214,Août-Octobre 2023,Un empêchement,Jérôme Aumont,False
1215,Août-Octobre 2023,Les Naufragés du Wager,David Grann,False
1216,Août-Octobre 2023,La poupée qui fait oui,Agnès de Clairville,False
1217,Août-Octobre 2023,Fuck Up,Arthur Nersesian,False
1218,Août-Octobre 2023,Orchidéiste,Vidya Narine,False
1219,Août-Octobre 2023,L'Abîme,Nicolas Chemla,False
1220,Août-Octobre 2023,Les maîtres de Bayreuth,Charlie Roquin,False
1221,Août-Octobre 2023,Portrait huaco,Gabriela Wiener,False
1222,Août-Octobre 2023,Misericordia,Lídia Jorge,False
1223,Août-Octobre 2023,Jeudi,Eden Levin,False
1224,Août-Octobre 2023,Les paradoxes de M. Pond,Gilbert Keith Chesterton,False
1225,Août-Octobre 2023,La Mer de la tranquillité,Emily St. John  Mandel,False
1226,Août-Octobre 2023,Malgré toute ma rage,Jérémy Fel,False
1227,Août-Octobre 2023,William,Stéphanie Hochet,False
1228,Août-Octobre 2023,La Nourrice de Francis Bacon,Maylis Besserie,False
1229,Août-Octobre 2023,Une façon d'aimer,Dominique Barbéris,False
1230,Août-Octobre 2023,Par-delà l'oubli,Aurélien Cressely,False
1231,Octobre 2023,L'Aigle noir,Jacques Saussey,False
1232,Octobre 2023,L'Amour de ma vie,Rosie Walsh,False
1233,Octobre 2023,Les Amours difficiles,Italo Calvino,False
1234,Octobre 2023,Les Anges de Babylone,Ghislain Gilberti,False
1235,Octobre 2023,Une aventure de Nora Kelly : L'Antre du diable,Douglas Preston,False
1236,Octobre 2023,Après nous le déluge,Yvan Robin,False
1237,Octobre 2023,Aquitania,Eva García Saenz de Urturi,False
1238,Octobre 2023,Au printemps,Karl Ove Knausgård,False
1239,Octobre 2023,Bleu,Koz,False
1240,Octobre 2023,Le Blues des phalènes,Valentine Imhof,False
1241,Octobre 2023,Le Bûcher des certitudes,Bernadette Pécassou-Camebrac,False
1242,Octobre 2023,Le champ des soupirs,Elspeth Barker,False
1243,Octobre 2023,Le Chant des géants,David Bry,False
1244,Octobre 2023,Saison d'orages et de silence,Roseanne A. Brown,False
1245,Octobre 2023,Chevreuse,Patrick Modiano,False
1246,Octobre 2023,La Cité des Saints et des Fous,Jeff VanderMeer,False
1247,Octobre 2023,Le coeur ne cède pas,Grégoire Bouillier,False
1248,Octobre 2023,Collapsus,Thomas Bronnec,False
1249,Octobre 2023,Cupidité,Deon Meyer,False
1250,Octobre 2023,Dernier train pour Londres,Meg Waite Clayton,False
1251,Octobre 2023,Dernière oasis,Charif Majdalani,False
1252,Octobre 2023,Des milliers de lunes,Sebastian Barry,False
1253,Octobre 2023,La Doublure,Mélissa Da Costa,False
1254,Octobre 2023,Les Douces,Judith Da Costa Rosa,False
1255,Octobre 2023,Douze chiens pour Noël,Lizzie Shane,False
1256,Octobre 2023,Embarquements immédiats pour Noël,Carène Ponte,False
1257,Octobre 2023,L'Enterrement de Serge,Stéphane Carlier,False
1258,Octobre 2023,Le Fabuleux Carnet des coeurs perdus,Enolla Brunetti,False
1259,Octobre 2023,La Femme de ménage,Freida McFadden,False
1260,Octobre 2023,Fille de cendre,Ilaria Tuti,False
1261,Octobre 2023,La Fille de l'ogre,Catherine Bardon,False
1262,Octobre 2023,La fille qui n'aimait pas Noël,Zoé Brisby,False
1263,Octobre 2023,Froid comme l'enfer,Lilja Sigurdardottir,False
1264,Octobre 2023,Le Grand Soir,Gwenaël Bulteau,False
1265,Octobre 2023,Guerre,Louis-Ferdinand Céline,False
1266,Octobre 2023,"Hamster, bretzels & mariage à Noël",Ena Fitzbel,False
1267,Octobre 2023,Identités croisées,Harlan Coben,False
1268,Octobre 2023,Le jeune homme au bras fantôme,Hélène Bonafous-Murat,False
1269,Octobre 2023,Justice divine,Michael Hjorth,False
1270,Octobre 2023,"Lady astronaute, tome 2 : Vers Mars",Mary Robinette Kowal,False
1271,Octobre 2023,Le Livre de Neige,Olivier Liron,False
1272,Octobre 2023,La Maison sans souvenirs,Donato Carrisi,False
1273,Octobre 2023,Malou dit vrai,Gwen Guilyn,False
1274,Octobre 2023,Le Manoir des sacrifiées,Olivier Merle,False
1275,Octobre 2023,Meurtre sans filet,Stephen Spotswood,False
1276,Octobre 2023,Minuit dans la ville des songes,René Frégni,False
1277,Octobre 2023,Le Miroir et la Lumière,Hilary Mantel,False
1278,Octobre 2023,La mission secrète de Sinouhé l'Égyptien,Christian Jacq,False
1279,Octobre 2023,Monstres,Frédéric Richaud,False
1280,Octobre 2023,Noël à la charmante librairie,Jenny Colgan,False
1281,Octobre 2023,Les Nuits de la peste,Orhan Pamuk,False
1282,Octobre 2023,Les Oubliés de l'Amas,Floriane Soulas,False
1283,Octobre 2023,"Paris, mille vies",Laurent Gaudé,False
1284,Octobre 2023,Paris se lève,Armand Delpierre,False
1285,Octobre 2023,La petite fille qui en savait trop,Peter May,False
1286,Octobre 2023,Petits meurtres à Endgame,Alexandra Benedict,False
1287,Octobre 2023,Pipelines,Etgar Keret,False
1288,Octobre 2023,La piscine de Rosemary,Libby Page,False
1289,Octobre 2023,Le Pouvoir des animaux,Didier Van Cauwelaert,False
1290,Octobre 2023,La Quête de l'Orphanus,Viviane Moore,False
1291,Octobre 2023,Respire...,Joyce Carol Oates,False
1292,Octobre 2023,La Roche au Loup,Françoise Bourdon,False
1293,Octobre 2023,"La Saga des Cazalet, tome 4 : Nouveau départ",Elizabeth Jane Howard,False
1294,Octobre 2023,"La Saga des Florio, tome 3 : Les Lions en hiver",Stefania Auci,False
1295,Octobre 2023,Les Sentiers obscurs de Karachi,Olivier Truc,False
1296,Octobre 2023,Si j'étais toi,Amber Garza,False
1297,Octobre 2023,Le spleen du pop-corn qui voulait exploser de joie,Raphaëlle Giordano,False
1298,Octobre 2023,"The Expanse, tome 9 : La Chute du Léviathan",James S.A. Corey,False
1299,Octobre 2023,"Le Tombeau scellé, tome 1 : Gideon la Neuvième",Tamsyn Muir,False
1300,Octobre 2023,Trop de morts au pays des merveilles,Morgan Audic,False
1301,Octobre 2023,Un indien qui dérange,Thomas King,False
1302,Octobre 2023,Une chose à cacher,Elizabeth George,False
1303,Octobre 2023,Une enquête de Beatrice Hyde-Clare : Une scandaleuse supercherie,Lynn Messina,False
1304,Octobre 2023,Une histoire naturelle de l'amour et de la mort,Margaret Renkl,False
1305,Octobre 2023,"Valsez, regrets",Marion Michau,False
1306,Octobre 2023,La vie tumultueuse de Mary W.,Samantha Silva,False
1307,Octobre 2023,La ville dévastée,Simone van der Vlugt,False
1308,Octobre 2023,Vingt minutes de silence,Hélène Bessette,False
1309,Octobre 2023,Vivonne,Jérôme Leroy,False
1310,Octobre 2023,"Vorrh, tome 2 : Les Ancêtres",Brian Catling,False
1311,Novembre 2023,Ados sous acide,Flea,False
1312,Novembre 2023,Au commencement était...,David Graeber,False
1313,Novembre 2023,"Boum, boum, boum",Nicolás Giacobone,False
1314,Novembre 2023,Ce qui manque à un clochard,Nicolas Diat,False
1315,Novembre 2023,Cette lumière en nous : S'accomplir en des temps incertains,Michelle Obama,False
1316,Novembre 2023,Chine-Russie: Le grand rapprochement,Alice Ekman,False
1317,Novembre 2023,Comment pensent les forêts,Eduardo Kohn,False
1318,Novembre 2023,Les couleurs primitives,Jeanne Cherhal,False
1319,Novembre 2023,Les crimes de nos pères,Åsa Larsson,False
1320,Novembre 2023,Les culs-reptiles,Mahamat-Saleh Haroun,False
1321,Novembre 2023,"Dangereuses Demoiselles, tome 2 : La ligue des sorcières distinguées",India Holton,False
1322,Novembre 2023,La Dernière mission de Gwendy,Stephen King,False
1323,Novembre 2023,L'envers de la charité,Pascal Grand,False
1324,Novembre 2023,"Erectus, tome 3 : Le dernier hiver",Xavier Müller,False
1325,Novembre 2023,Espionne,Danielle Steel,False
1326,Novembre 2023,La fabrique de l'humanité,Pascal Boyer,False
1327,Novembre 2023,Filles d'un temps nouveau,Carmen Korn,False
1328,Novembre 2023,Les Francs royaumes : Par deux fois tu mourras,Éric Fouassier,False
1329,Novembre 2023,"Friends, mes amours et cette chose terrible",Matthew Perry,False
1330,Novembre 2023,Grande soeur,Gunnar Staalesen,False
1331,Novembre 2023,Les Heures étincelantes,Iona Grey,False
1332,Novembre 2023,L'Holocauste comme culture : Discours et essais,Imre Kertész,False
1333,Novembre 2023,L'homme sans contact,Marc Dugain,False
1334,Novembre 2023,"Les humilié.es : 10 ans après le mariage pour tous, l'heure du bilan",Rozenn Le Carboulec,False
1335,Novembre 2023,Les Idéalistes,Kristopher Jansma,False
1336,Novembre 2023,Instants,Bruno Combes,False
1337,Novembre 2023,"L'immeuble de la rue Cavendish, tome 3 : Lucie se rebiffe",Caroline Kant,False
1338,Novembre 2023,J'ai l'énergie d'une lionne dans un corps d'oiseau,Patricia Bouchenot-Déchin,False
1339,Novembre 2023,J'étais là,Driver,False
1340,Novembre 2023,La juive de Shanghai,Marek Halter,False
1341,Novembre 2023,La lettre de Mlle Lattimore,Suzanne Allain,False
1342,Novembre 2023,Les Lieux infidèles,Tana French,False
1343,Novembre 2023,Murnau des ténèbres,Nicolas Chemla,False
1344,Novembre 2023,L'oeil de l'éléphant,Delia Owens,False
1345,Novembre 2023,"Par instants, la vie n'est pas sûre",Robert Bober,False
1346,Novembre 2023,Le petit Audiard illustré par l'exemple,Philippe Durant,False
1347,Novembre 2023,Le petit foulard de Marguerite D.,Colette Fellous,False
1348,Novembre 2023,Petite philosophie de l'improvisation,Ibrahim Maalouf,False
1349,Novembre 2023,La Plus Belle Histoire des plantes. Les racines de notre vie: Les racines de notre vie,Jacques Girardon,False
1350,Novembre 2023,La poésie comique : Du Moyen Âge à nos jours,Éditions Gallimard,False
1351,Novembre 2023,Le poids des choses,Marianne Fritz,False
1352,Novembre 2023,Pour l'honneur de tous les miens,Amanda Skenandore,False
1353,Novembre 2023,La Preuve des contraires,Caitlin Wahrer,False
1354,Novembre 2023,Prière pour les voyageurs,Ruchika Tomar,False
1355,Novembre 2023,Que sommes-nous ?: Essais sur la condition humaine,Siri Hustvedt,False
1356,Novembre 2023,"La question Descartes : Méthode, métaphysique, morale",Denis Kambouchner,False
1357,Novembre 2023,"Mon rêve, c'est toi",Holly Miller,False
1358,Novembre 2023,Ni cru ni cuit,Marie-Claire Frédéric,False
1359,Novembre 2023,Nos tendres cruautés,Anne Tyler,False
1360,Novembre 2023,"Raphaël, la vérité perdue",Francesco Fioretti,False
1361,Novembre 2023,Les Chroniques d'Edward Holmes et Gower Watson : Le Rat géant de l'hôtel Saint-Pol,Jean d` Aillon,False
1362,Novembre 2023,"Rêver, oser, se dépasser",Justine Hutteau,False
1363,Novembre 2023,Rompre les digues,Emmanuelle Pirotte,False
1364,Novembre 2023,Le Temps des cerises,Nicolas Barreau,False
1365,Novembre 2023,Temps sauvages,Mario Vargas Llosa,False
1366,Novembre 2023,La Terre de Mandela,Wole Soyinka,False
1367,Novembre 2023,La Tour,Doan Bui,False
1368,Novembre 2023,Toute la famille ensemble,Xavier de Moulins,False
1369,Novembre 2023,Toute mon histoire : Carnets de vie et de musique,Dave Grohl,False
1370,Novembre 2023,"Le serment, tome 2",Tom Clancy,False
1371,Novembre 2023,Service action : Sauvez Zelensky !,Victor K.,False
1372,Novembre 2023,Stephen Hawking : Par-delà la légende,Charles Seife,False
1373,Novembre 2023,Le Suppléant,Prince Harry,False
1374,Novembre 2023,Une ascension,Stefan Hertmans,False
1375,Novembre 2023,Une question de mort et de vie,Irvin D. Yalom,False
1376,Novembre 2023,Vie à vendre,Yukio Mishima,False
1377,Novembre 2023,V2,Robert Harris,False
1378,Novembre 2023,13 à table ! 2024,Philippe Besson,False
1379,Novembre 2023,Les 30 meilleures façons d'assassiner son mari (et autres meurtres conjugaux),Mi-ae Seo,False
1380,Novembre 2023,"47, allée du Lac",Peter James,False
1381,Rentrée 2023,Victory City,Salman Rushdie,False
1382,Rentrée 2023,Pour qui s'avance dans la nuit,Claire Conruyt,False
1386,Rentrée 2023,"Et je danse, aussi - Intégrale",Anne-Laure Bondoux,False
1387,Rentrée 2023,Juliette,Abd al Malik,False
1388,Rentrée 2023,Le sacrifice,Eva Ionesco,False
1389,Rentrée 2023,L'Enfant des forêts,Michel Hauteville,False
1390,Rentrée 2023,Ma tempête,Éric Pessan,False
1395,Rentrée 2023,Jardin des oubliés,Mouloud Akkouche,False
1397,Rentrée 2023,Samsara,Patrick Deville,False
1399,Rentrée 2023,Hôtel de la Folie,David Le Bailly,False
1400,Rentrée 2023,Pauvre folle,Chloé Delaume,False
1405,Rentrée 2023,L'Enragé,Sorj Chalandon,False
1406,Rentrée 2023,Le Grand Feu,Léonor de Recondo,False
1408,Rentrée 2023,Petites choses,Benoît Coquil,False
1409,Rentrée 2023,Hazel,Sarah Koskievic,False
1410,Rentrée 2023,Avant la forêt,Julia Colin,False
1411,Rentrée 2023,A Dieu vat,Jean-Michel Guenassia,False
1412,Rentrée 2023,La Sentence,Louise Erdrich,False
1414,Rentrée 2023,Père éperdu,Daniel Gustafsson,False
1418,Rentrée 2023,Le Diplôme,Amaury Barthet,False
1419,Rentrée 2023,Illuminatine,Simon Bentolila,False
1420,Rentrée 2023,Vierge,Constance Rutherford,False
1421,Rentrée 2023,Ghost Town,Kevin Chen,False
1422,Rentrée 2023,Bain de boue,Ars O',False
1423,Rentrée 2023,Tumeur ou tutu,Léna Ghar,False
1424,Rentrée 2023,À pied d'oeuvre,Franck Courtès,False
1425,Rentrée 2023,Phrase d'armes,Paul Greveillac,False
1426,Rentrée 2023,Panorama,Lilia Hassaine,False
1427,Rentrée 2023,Tu la retrouveras,Jean Hatzfeld,False
1428,Rentrée 2023,Suite inoubliable,Akira Mizubayashi,False
1429,Rentrée 2023,"Sarah, Susanne et l'écrivain",Eric Reinhardt,False
1430,Rentrée 2023,"Mon enfant, ma soeur",Éric Fottorino,False
1431,Rentrée 2023,Les conditions idéales,Mokhtar Amoudi,False
1433,Rentrée 2023,Hors saison,Basile Mulciba,False
1434,Rentrée 2023,La source des fantômes,Yamina Benahmed Daho,False
1435,Rentrée 2023,Pleins phares,Clémentine Haenel,False
1436,Rentrée 2023,Le fruit le plus rare ou la vie d'Edmond Albius,Gaëlle Bélem,False
1437,Rentrée 2023,Journal d'un scénario,Fabcaro,False
1438,Rentrée 2023,Nevada,Imogen Binnie,False
1439,Rentrée 2023,Mary,Anne Eekhout,False
1440,Rentrée 2023,Le Tiers Pays,Karina Sainz Borgo,False
1441,Rentrée 2023,Stupeur,Zeruya Shalev,False
1443,Rentrée 2023,La Colère et l'Envie,Alice Renard,False
1445,Rentrée 2022,Un miracle,Victoria Mas,False
1446,Rentrée 2022,L'inconduite,Emma Becker,False
1447,Rentrée 2022,L'homme peuplé,Franck Bouysse,False
1448,Rentrée 2022,Le livre des soeurs,Amélie Nothomb,False
1449,Rentrée 2022,Les liens artificiels,Nathan Devers,False
1450,Rentrée 2022,La Revanche des orages,Sébastien Spitzer,False
1451,Rentrée 2022,Le Soldat désaccordé,Gilles Marchand,False
1452,Rentrée 2022,Jusque dans la terre,Sue Rainsford,False
1453,Rentrée 2022,Clara lit Proust,Stéphane Carlier,False
1455,Rentrée 2022,Ajar-Paris,Fanta Dramé,False
1457,Rentrée 2022,Rien ne dure vraiment longtemps,Matthieu Seel,False
1458,Rentrée 2022,Dessous les roses,Olivier Adam,False
1459,Rentrée 2022,L'homme qui danse,Victor Jestin,False
1460,Rentrée 2022,Le Château des trompe-l'oeil,Christophe Bigot,False
1461,Rentrée 2022,L'Ile haute,Valentine Goby,False
1462,Rentrée 2022,La nièce du taxidermiste,Khadija Delaval,False
1463,Rentrée 2022,Consolée,Beata Umubyeyi Mairesse,False
1464,Rentrée 2022,Vers la violence,Blandine Rinkel,False
1465,Rentrée 2022,Cavales,Aude Walker,False
1466,Rentrée 2022,Dernier travail,Thierry Beinstingel,False
1467,Rentrée 2022,Arpenter la nuit,Leila Mottley,False
1468,Rentrée 2022,La part des cendres,Emmanuelle Favier,False
1470,Rentrée 2022,Une heure de ferveur,Muriel Barbery,False
1471,Rentrée 2022,Les sables,Basile Galais,False
1472,Rentrée 2022,"Petite, je disais que je voulais me marier avec toi",Mehtap Teke,False
1473,Rentrée 2022,Mon acrobate,Cécile Pivot,False
1474,Rentrée 2022,Moi en plus beau,Guillaume Le Touze,False
1475,Rentrée 2022,La Loi du désordre,Philippe Hayat,False
1476,Rentrée 2022,D'où vient l'amour,Yann Queffélec,False
1477,Rentrée 2022,Quelque chose à te dire,Carole Fives,False
1478,Rentrée 2022,La Traversée de Bondoufle,Jean Rolin,False
1479,Rentrée 2022,Peupler la colline,Cécilia Castelli,False
1480,Rentrée 2022,La nuit des pères,Gaëlle Josse,False
1481,Rentrée 2022,La Vie clandestine,Monica Sabolo,False
1482,Rentrée 2022,La Sauvagière,Corinne Morel-Darleux,False
1483,Rentrée 2022,La Douceur de l'eau,Nathan Harris,False
1484,Rentrée 2022,Corps flottants,Jane Sautière,False
1485,Rentrée 2022,"Les marins ne savent pas nager, tome 1",Dominique Scali,False
1486,Rentrée 2022,Linvention du diable,Hubert Haddad,False
1487,Rentrée 2022,Comment font les gens ?,Olivia de Lamberterie,False
1488,Rentrée 2022,Quand tu écouteras cette chanson,Lola Lafon,False
1489,Rentrée 2022,Performance,Simon Liberati,False
1490,Rentrée 2022,Cher connard,Virginie Despentes,False
1491,Rentrée 2022,Au vent mauvais,Kaouther Adimi,False
1492,Rentrée 2022,Le monde après nous,Rumaan Alam,False
1493,Rentrée 2022,Le champ des cris,Adrien Genoudet,False
1494,Rentrée 2022,Le Pion,Paco Cerdà,False
1495,Rentrée 2022,Qui sait,Pauline Delabroy-Allard,False
1496,Rentrée 2022,Petite soeur,Marie Nimier,False
1497,Rentrée 2022,Le Trésorier-payeur,Yannick Haenel,False
1498,Rentrée 2022,De femmes et de sel,Gabriela Garcia,False
1499,Rentrée 2022,Un jeune homme si tranquille,Yves Viollier,False
1501,Rentrée 2022,La Treizième Heure,Emmanuelle Bayamack-Tam,False
1502,Rentrée 2022,Ainsi pleurent nos hommes,Dominique Celis,False
1503,Rentrée 2022,Le commerce des Allongés,Alain Mabanckou,False
1504,Rentrée 2022,La dissociation,Nadia Yala Kisukidi,False
1505,Rentrée 2022,Deux secondes d'air qui brûle,Diaty Diallo,False
1506,Rentrée 2022,Trouver refuge,Christophe Ono-dit-Biot,False
1507,Rentrée 2022,Chienne et louve,Joffrine Donnadieu,False
1508,Rentrée 2022,Un singe à ma fenêtre,Olivia Rosenthal,False
1509,Rentrée 2022,La mémoire de l'eau,Miranda Cowley Heller,False
1510,Rentrée 2022,Zizi Cabane,Bérengère Cournut,False
1511,Rentrée 2022,Trois soeurs,Laura Poggioli,False
1512,Rentrée 2022,L'adultère ingénue,Natalie Clifford Barney,False
1513,Rentrée 2022,Les Presque Soeurs,Cloé Korman,False
1514,Rentrée 2022,Patte blanche,Kinga Wyrzykowska,False
1515,Rentrée 2022,Tenir sa langue,Polina Panassenko,False
1516,Rentrée 2022,Et la forêt brûlera sous nos pas,Jens Liljestrand,False
1517,Rentrée 2022,On était des loups,Sandrine Collette,False
1518,Rentrée 2022,Le radeau des étoiles,Andrew J. Graff,False
1519,Découverte Rentrée 2022,24 fois la vérité,Raphaël Meltz,False
1521,Découverte Rentrée 2022,Les filles de Monroe,Antoine Volodine,False
1523,Découverte Rentrée 2022,Dans la maison rêvée,Carmen Maria Machado,False
1524,Découverte Rentrée 2022,Le dernier tribun,Gilles Martin-Chauffier,False
1525,Découverte Rentrée 2022,Le rapport chinois,Pierre Darkanian,False
1528,Découverte Rentrée 2022,Revenir à toi,Léonor de Recondo,False
1529,Découverte Rentrée 2022,La volonté,Marc Dugain,False
1530,Découverte Rentrée 2022,"Le cycle de Syffe, tome 3 : Les chiens et la charrue",Patrick K. Dewdney,False
1531,Découverte Rentrée 2022,Encore une journée divine,Denis Michelis,False
1532,Découverte Rentrée 2022,Apaiser nos tempêtes,Jean Hegland,False
1533,Découverte Rentrée 2022,Ma meilleure amie,Fabienne Jacob,False
1534,Découverte Rentrée 2022,L'Évangile du Nouveau Monde,Maryse Condé,False
1535,Découverte Rentrée 2022,Plasmas,Céline Minard,False
1537,Découverte Rentrée 2022,La femme ourse,Karolina Ramqvist,False
1538,Découverte Rentrée 2022,Il était une fois à Hollywood,Quentin Tarantino,False
1539,Découverte Rentrée 2022,La fille qu'on appelle,Tanguy Viel,False
1540,Découverte Rentrée 2022,L'île du docteur Faust,Stéphanie Janicot,False
1542,Découverte Rentrée 2022,Une certaine raison de vivre,Philippe Torreton,False
1546,Découverte Rentrée 2022,"Quatre heures, vingt-deux minutes et dix-huit secondes",Lionel Shriver,False
1547,Découverte Rentrée 2022,La porte du voyage sans retour,David Diop,False
1548,Découverte Rentrée 2022,Rêver debout,Lydie Salvayre,False
1550,Découverte Rentrée 2022,Le syndrome de Beyrouth,Alexandre Najjar,False
1552,Découverte Rentrée 2022,Vrac,Bertrand Belin,False
1553,Découverte Rentrée 2022,"Chroniques de Mertvecgorod, tome 2 : Feminicid",Christophe Siébert,False
1555,Découverte Rentrée 2022,Le voyage dans l'Est,Christine Angot,False
1557,Découverte Rentrée 2022,Au printemps des monstres,Philippe Jaenada,False
1558,Découverte Rentrée 2022,L'intrusive,Claudine Dumont,False
1559,Découverte Rentrée 2022,Les étoiles les plus filantes,Estelle-Sarah Bulle,False
1561,Découverte Rentrée 2022,La danse de l'eau,Ta-Nehisi Coates,False
1563,Découverte Rentrée 2022,Le grand rire des hommes assis au bord du monde,Philipp Weiss,False
1564,Découverte Rentrée 2022,"Et d'un seul bras, la soeur balaie sa maison",Cherie Jones,False
1565,Découverte Rentrée 2022,Son fils,Justine Lévy,False
1566,Découverte Rentrée 2022,Tout ce que dit Manon est vrai,Manon Fargetton,False
1567,Découverte Rentrée 2022,La carte postale,Anne Berest,False
1568,Découverte Rentrée 2022,Les fruits tombent des arbres,Florent Oiseau,False
1569,Découverte Rentrée 2022,Femme du ciel et des tempêtes,Wilfried N'Sondé,False
1570,Découverte Rentrée 2022,Milwaukee blues,Louis-Philippe Dalembert,False
1571,Découverte Rentrée 2022,Les chiens de faïence,Thomas Louis,False
1572,Découverte Rentrée 2022,Mon mari,Maud Ventura,False
1573,Découverte Rentrée 2022,Basculer,Florian Forestier,False
1574,Découverte Rentrée 2022,Climax,Thomas B. Reverdy,False
1576,Découverte Rentrée 2022,Ce qui gronde,Marie Petitcuénot,False
1577,Découverte Rentrée 2022,La fabrique des souvenirs,Clélia Renucci,False
1578,Découverte Rentrée 2022,L'école de Topeka,Ben Lerner,False
1579,Découverte Rentrée 2022,Satires,Edgar Hilsenrath,False
1580,Découverte Rentrée 2022,Bangkok déluge,Pitchaya Sudbanthad,False
1581,Découverte Rentrée 2022,Le cercueil de Job,Lance Weller,False
1582,Découverte Rentrée 2022,True story,Kate Reed Petty,False
1584,Découverte Rentrée 2022,Satisfaction,Nina Bouraoui,False
1585,Découverte Rentrée 2022,L'anarchiste qui s'appelait comme moi,Pablo Martín Sánchez,False
1586,Découverte Rentrée 2022,La vérité sur la lumière,Auður Ava Ólafsdóttir,False
1587,Découverte Rentrée 2022,Le créateur de poupées,Nina Allan,False
1588,Découverte Rentrée 2022,La splendeur et l'infamie,Erik Larson,False
1590,Découverte Rentrée 2022,Les aquatiques,Osvalde Lewat,False
1591,Découverte Rentrée 2022,Les garçons de la cité-jardin,Dan Nisand,False
1592,Découverte Rentrée 2022,Poussière dans le vent,Leonardo Padura,False
1593,Découverte Rentrée 2022,Badroulboudour,Jean-Baptiste de Froment,False
1594,Découverte Rentrée 2022,"Vent blanc, noir cavalier",Luke Rhinehart,False
1596,Découverte Rentrée 2022,Atmosphère,Jenny Offill,False
1597,Découverte Rentrée 2022,Lecture facile,Cristina Morales,False
1598,Découverte Rentrée 2022,Le voyant d'Étampes,Abel Quentin,False
1599,Découverte Rentrée 2022,La force décuplée des perdants,Nicolas Maleski,False
1600,Découverte Rentrée 2022,Rends-moi fière,Nicole Dennis-Benn,False
1601,Découverte Rentrée 2022,L'éternel fiancé,Agnès Desarthe,False
1602,Découverte Rentrée 2022,Villebasse,Anna de Sandre,False
1603,Découverte Rentrée 2022,Revenir fils,Christophe Perruchas,False
1605,Découverte Rentrée 2022,Où vivaient les gens heureux,Joyce Maynard,False
1606,Découverte Rentrée 2022,Une soupe à la grenade,Marsha Mehran,False
1607,Découverte Rentrée 2022,Mamba Point Blues,Christophe Naigeon,False
1608,Découverte Rentrée 2022,Le Pavillon des combattantes,Emma Donoghue,False
1609,Découverte Rentrée 2022,Ce qu'il nous faut de remords et d'espérance,Céline Lapertot,False
1610,Découverte Rentrée 2022,Black sunday,Tola Rotimi Abraham,False
1611,Découverte Rentrée 2022,8 heures et 35 minutes,Fotini Tsalikoglou,False
1612,Découverte Rentrée 2022,Implosions,Hyam Yared Schoucair,False
1618,Rentrée 2021,Le premier exil,Santiago H. Amigorena,False
1620,Rentrée 2021,L'arbre ou la maison,Azouz Begag,False
1629,Rentrée 2021,Au-delà de la mer,Paul Lynch,False
1631,Rentrée 2021,Lorsque le dernier arbre,Michael Christie,False
1632,Rentrée 2021,L'éblouissement des petites filles,Timothée Stanculescu,False
1634,Rentrée 2021,Souvenirs de ma vie d'hôtel,Jacques Fieschi,False
1635,Rentrée 2021,Galerie des glaces,Eric Garandeau,False
1637,Rentrée 2021,Hors de toi,Sandrine Girard,False
1642,Rentrée 2021,Là où la caravane passe,Céline Laurens,False
1643,Rentrée 2021,Mise à feu,Clara Ysé,False
1653,Rentrée 2021,Furies,Julie Ruocco,False
1655,Rentrée 2021,Double Nelson,Philippe Djian,False
1657,Rentrée 2021,S'adapter,Clara Dupont-Monod,False
1658,Rentrée 2021,D'oncle,Rebecca Gisler,False
1659,Rentrée 2021,Mortepeau,Natalia García Freire,False
1660,Rentrée 2021,Ombres portées,Ariana Neumann,False
1672,Rentrée 2021,Shuggie Bain,Douglas Stuart,False
